-- use klavogonki;


INSERT INTO `cars` (`id`, `name`, `level_reqire`, `buy_score_value`, `buy_money_value`, `created_at`, `updated_at`) VALUES (1, 'repudiandae', 2, 4, 5, '2012-09-12 16:22:58', '2020-02-13 22:36:35');
INSERT INTO `cars` (`id`, `name`, `level_reqire`, `buy_score_value`, `buy_money_value`, `created_at`, `updated_at`) VALUES (2, 'necessitatibus', 4, 4, 5, '1979-10-03 02:06:13', '1997-03-20 16:43:40');
INSERT INTO `cars` (`id`, `name`, `level_reqire`, `buy_score_value`, `buy_money_value`, `created_at`, `updated_at`) VALUES (3, 'sit', 3, 4, 9, '1985-11-08 09:18:52', '2012-01-04 00:03:24');
INSERT INTO `cars` (`id`, `name`, `level_reqire`, `buy_score_value`, `buy_money_value`, `created_at`, `updated_at`) VALUES (4, 'repellat', 8, 2, 2, '1974-02-04 06:22:15', '1991-10-13 09:21:44');
INSERT INTO `cars` (`id`, `name`, `level_reqire`, `buy_score_value`, `buy_money_value`, `created_at`, `updated_at`) VALUES (5, 'ex', 5, 6, 3, '2012-01-06 06:34:22', '1993-04-11 15:31:07');
INSERT INTO `cars` (`id`, `name`, `level_reqire`, `buy_score_value`, `buy_money_value`, `created_at`, `updated_at`) VALUES (6, 'magnam', 9, 3, 5, '1971-12-22 06:08:45', '1986-05-05 23:28:37');
INSERT INTO `cars` (`id`, `name`, `level_reqire`, `buy_score_value`, `buy_money_value`, `created_at`, `updated_at`) VALUES (7, 'numquam', 6, 7, 6, '1978-06-03 16:38:26', '2018-12-09 22:47:13');
INSERT INTO `cars` (`id`, `name`, `level_reqire`, `buy_score_value`, `buy_money_value`, `created_at`, `updated_at`) VALUES (8, 'molestiae', 0, 5, 7, '1978-05-13 10:32:18', '2017-11-02 14:33:00');
INSERT INTO `cars` (`id`, `name`, `level_reqire`, `buy_score_value`, `buy_money_value`, `created_at`, `updated_at`) VALUES (9, 'unde', 1, 0, 4, '1988-12-05 06:18:46', '1999-11-06 03:47:24');
INSERT INTO `cars` (`id`, `name`, `level_reqire`, `buy_score_value`, `buy_money_value`, `created_at`, `updated_at`) VALUES (10, 'porro', 7, 9, 2, '2012-01-02 01:30:07', '2007-09-14 21:07:00');


INSERT INTO `ranks` (`id`, `name`, `speed_required`) VALUES (1, 'rerum', 4);
INSERT INTO `ranks` (`id`, `name`, `speed_required`) VALUES (2, 'et', 1);
INSERT INTO `ranks` (`id`, `name`, `speed_required`) VALUES (3, 'magnam', 0);
INSERT INTO `ranks` (`id`, `name`, `speed_required`) VALUES (4, 'sit', 8);
INSERT INTO `ranks` (`id`, `name`, `speed_required`) VALUES (5, 'laudantium', 6);
INSERT INTO `ranks` (`id`, `name`, `speed_required`) VALUES (6, 'veritatis', 2);
INSERT INTO `ranks` (`id`, `name`, `speed_required`) VALUES (7, 'voluptas', 3);
INSERT INTO `ranks` (`id`, `name`, `speed_required`) VALUES (8, 'quisquam', 9);
INSERT INTO `ranks` (`id`, `name`, `speed_required`) VALUES (9, 'similique', 5);
INSERT INTO `ranks` (`id`, `name`, `speed_required`) VALUES (10, 'corrupti', 7);



INSERT INTO `users` (`id`, `name`, `email`, `password`, `created_at`, `updated_at`) VALUES (1, 'Jamir Walker', 'ally.mayer@example.net', 'd21e14a08ddb2e3a1930fdaa15431c668353eac5', '1970-12-21 08:08:03', '1976-09-22 10:42:00');
INSERT INTO `users` (`id`, `name`, `email`, `password`, `created_at`, `updated_at`) VALUES (2, 'Tre Auer DDS', 'peyton.crona@example.org', 'c869f71243ac9348451271e384484d69360978e2', '1977-03-14 03:17:28', '1978-08-03 12:06:43');
INSERT INTO `users` (`id`, `name`, `email`, `password`, `created_at`, `updated_at`) VALUES (3, 'Eli Reilly', 'demond64@example.com', 'fe639b92e1f92b08aff13eff1d3645fb6727773c', '2017-12-16 01:03:12', '2008-12-26 14:00:53');
INSERT INTO `users` (`id`, `name`, `email`, `password`, `created_at`, `updated_at`) VALUES (4, 'Rosalee Boehm', 'jaquan.grimes@example.org', 'b8bf36e674a8e3fb200738cb8f0e334e7a14eef8', '2000-02-08 13:36:59', '1991-03-04 09:25:51');
INSERT INTO `users` (`id`, `name`, `email`, `password`, `created_at`, `updated_at`) VALUES (5, 'Cyrus Windler', 'wintheiser.freeda@example.org', 'e31e682640775055da8704e4595cf0ee83922766', '1979-11-20 16:53:20', '1985-06-21 01:28:03');
INSERT INTO `users` (`id`, `name`, `email`, `password`, `created_at`, `updated_at`) VALUES (6, 'Mr. Giovanny Deckow Sr.', 'wisoky.madilyn@example.com', '572b68b614cdeda892ae087c856d961efe351819', '1994-06-10 04:26:09', '2008-11-02 04:55:16');
INSERT INTO `users` (`id`, `name`, `email`, `password`, `created_at`, `updated_at`) VALUES (7, 'Kristoffer Ledner', 'amos.hauck@example.com', '548b7f9022bad06b20b3ac8879e42da621cfa4e4', '1971-04-05 23:01:14', '1976-04-20 00:28:18');
INSERT INTO `users` (`id`, `name`, `email`, `password`, `created_at`, `updated_at`) VALUES (8, 'Vita Waters', 'gutkowski.sofia@example.org', '888f45b91fa35c1a220c893cf01a08f54fcf05cc', '1987-07-30 13:28:36', '1975-09-14 20:28:35');
INSERT INTO `users` (`id`, `name`, `email`, `password`, `created_at`, `updated_at`) VALUES (9, 'Andre Gleason', 'litzy.corwin@example.net', 'c653a163b870e637a8436180486ae26971c55ec6', '1989-03-13 23:56:22', '2003-03-15 21:56:48');
INSERT INTO `users` (`id`, `name`, `email`, `password`, `created_at`, `updated_at`) VALUES (10, 'Shanon Crona II', 'cartwright.dennis@example.net', 'e39d7039b2859f4eb55dfa4edeb38cc0d0c7e3f8', '2020-10-30 09:16:58', '2002-12-27 09:32:09');
INSERT INTO `users` (`id`, `name`, `email`, `password`, `created_at`, `updated_at`) VALUES (11, 'Frank Nitzsche', 'briana85@example.net', 'eaa6104eda6075a18b049a0e66a33e6cad2d3ad5', '2016-04-20 23:18:18', '2007-05-16 14:57:11');
INSERT INTO `users` (`id`, `name`, `email`, `password`, `created_at`, `updated_at`) VALUES (12, 'Bethel Dare', 'batz.felipa@example.org', 'fff200a99415e8f1a49d7988c0febe8e0ba32c26', '1976-01-01 12:30:39', '1977-11-24 05:52:53');
INSERT INTO `users` (`id`, `name`, `email`, `password`, `created_at`, `updated_at`) VALUES (13, 'Mr. Columbus Huel', 'bmclaughlin@example.org', '87c6718a1936a48c49593669ba2a052ea32a0446', '2003-10-24 18:42:29', '1990-02-21 09:28:35');
INSERT INTO `users` (`id`, `name`, `email`, `password`, `created_at`, `updated_at`) VALUES (14, 'Carolyne Bartoletti', 'hking@example.net', 'a02364ca5d48ef2552da0b0d16e136a34b6802fd', '2002-12-25 11:37:31', '2011-08-16 19:42:55');
INSERT INTO `users` (`id`, `name`, `email`, `password`, `created_at`, `updated_at`) VALUES (15, 'Jason Homenick', 'alba.nolan@example.org', '5ec6611fcb6f9f73747dbf73defc84ecc3915497', '1985-10-31 17:02:04', '1982-12-06 13:43:53');
INSERT INTO `users` (`id`, `name`, `email`, `password`, `created_at`, `updated_at`) VALUES (16, 'Neoma Schuster', 'mark19@example.org', '62b4bf93c11c68224d3dbb90479281e8d58fbb11', '1977-06-23 11:37:57', '2018-09-12 08:54:59');
INSERT INTO `users` (`id`, `name`, `email`, `password`, `created_at`, `updated_at`) VALUES (17, 'Jerod Luettgen', 'ytreutel@example.com', 'bacc7bb926a92e5ea4111f2eb57dbc389cd419d0', '1980-04-25 15:07:14', '2020-12-15 09:35:44');
INSERT INTO `users` (`id`, `name`, `email`, `password`, `created_at`, `updated_at`) VALUES (18, 'Rachelle Johns', 'davion.beier@example.org', '13c778555591645a541b5d383eec1e6fb1db67b4', '1997-04-02 02:22:27', '1976-05-23 04:32:14');
INSERT INTO `users` (`id`, `name`, `email`, `password`, `created_at`, `updated_at`) VALUES (19, 'Prof. Arianna Conroy', 'zvolkman@example.org', '2a3a105a65b201ebfc0befbff394b7569f366b36', '1978-05-05 16:27:43', '2014-10-20 10:15:44');
INSERT INTO `users` (`id`, `name`, `email`, `password`, `created_at`, `updated_at`) VALUES (20, 'Kristina Bernhard', 'luettgen.hoyt@example.com', '2e6d19a08f1ae8b047d7d50653f4974a86895941', '1973-01-25 18:08:56', '2015-02-03 09:08:39');
INSERT INTO `users` (`id`, `name`, `email`, `password`, `created_at`, `updated_at`) VALUES (21, 'Prof. Mervin Corwin', 'dhalvorson@example.net', '2cdcf3cc8f834ca9577dccdc0a967f256000f4b9', '1982-03-10 19:17:15', '1977-10-28 03:11:37');
INSERT INTO `users` (`id`, `name`, `email`, `password`, `created_at`, `updated_at`) VALUES (22, 'Karley Brakus', 'schroeder.shania@example.org', '111e8ece3537dd46bd9a44cbc90559bf9993b6cb', '1993-10-06 08:07:27', '1971-05-06 03:16:54');
INSERT INTO `users` (`id`, `name`, `email`, `password`, `created_at`, `updated_at`) VALUES (23, 'Alvina Cremin', 'daugherty.paxton@example.org', '6163c4ac33bb191e000645b2d6cfc0f5480ad842', '2005-11-09 08:34:24', '2006-10-03 21:43:50');
INSERT INTO `users` (`id`, `name`, `email`, `password`, `created_at`, `updated_at`) VALUES (24, 'Sally Langosh', 'quinn03@example.net', 'ead69869410b635d628785424ad0540b25449364', '2000-06-03 22:58:38', '2000-08-07 14:48:38');
INSERT INTO `users` (`id`, `name`, `email`, `password`, `created_at`, `updated_at`) VALUES (25, 'Julius Hartmann', 'antoinette.anderson@example.org', '7e95a112cbb7c5990c80d78b9ccc1e51ae18c092', '1975-06-27 23:15:40', '1983-10-06 10:16:38');
INSERT INTO `users` (`id`, `name`, `email`, `password`, `created_at`, `updated_at`) VALUES (26, 'Herman Casper MD', 'vabshire@example.org', 'c7f60aea1788d93cc9a096a9140bcf8c468cd46c', '2001-02-04 15:04:35', '1985-06-09 14:23:43');
INSERT INTO `users` (`id`, `name`, `email`, `password`, `created_at`, `updated_at`) VALUES (27, 'Bonita Rosenbaum', 'hthompson@example.com', '46c9e0b3c7db53121a94e632609a830f0d94d10b', '1982-08-21 05:51:38', '1988-05-20 02:11:52');
INSERT INTO `users` (`id`, `name`, `email`, `password`, `created_at`, `updated_at`) VALUES (28, 'Clarissa Nader', 'llarkin@example.com', '4ebf7b29d6588ec411e1793165f20defb1e49c97', '2004-07-02 14:22:37', '1980-10-21 20:53:39');
INSERT INTO `users` (`id`, `name`, `email`, `password`, `created_at`, `updated_at`) VALUES (29, 'Yoshiko Rolfson', 'muller.rosemary@example.com', '013946fcbc767b405c67f9b775c15d28559a9e2c', '2014-03-18 22:22:53', '1981-08-03 12:17:16');
INSERT INTO `users` (`id`, `name`, `email`, `password`, `created_at`, `updated_at`) VALUES (30, 'Gillian Buckridge Jr.', 'alva04@example.org', '8b3592d67d69f9cb8393da8cf1cc6fea11ce5755', '2000-12-29 08:58:53', '2013-06-18 01:50:23');
INSERT INTO `users` (`id`, `name`, `email`, `password`, `created_at`, `updated_at`) VALUES (31, 'Prof. Bill Stark', 'royal.kunde@example.com', '0f53409121f7e8c8ce88fadc891c4502c735eaef', '1992-09-20 17:10:19', '2016-07-30 15:23:09');
INSERT INTO `users` (`id`, `name`, `email`, `password`, `created_at`, `updated_at`) VALUES (32, 'Kareem Klocko', 'bosco.geo@example.net', '64a6d2971b12523eaf99b1f7cb20d76c67d12299', '1979-01-23 19:16:51', '1998-02-16 04:44:57');
INSERT INTO `users` (`id`, `name`, `email`, `password`, `created_at`, `updated_at`) VALUES (33, 'Hunter Gottlieb', 'khackett@example.com', '40e2ced2d037df31248f76ab49115fdfbb30d346', '1996-04-17 15:52:26', '1997-11-14 23:51:17');
INSERT INTO `users` (`id`, `name`, `email`, `password`, `created_at`, `updated_at`) VALUES (34, 'Wilbert Ward', 'nwuckert@example.net', '3c82ece4461860f90b0e05996789029904b20c6f', '2016-10-08 15:12:30', '1997-10-12 14:04:36');
INSERT INTO `users` (`id`, `name`, `email`, `password`, `created_at`, `updated_at`) VALUES (35, 'Prof. Yazmin Zboncak', 'aimee.swift@example.com', '94940f522c670ec7d80b8d63f42bd1a047e99139', '2004-07-04 05:49:45', '1983-07-20 20:44:25');
INSERT INTO `users` (`id`, `name`, `email`, `password`, `created_at`, `updated_at`) VALUES (36, 'Dr. Grant Christiansen MD', 'robel.bella@example.net', '6d2c8b1be7361544b20dfcef3ce5c3f9c58367b0', '2002-11-13 05:27:58', '2003-09-01 10:43:50');
INSERT INTO `users` (`id`, `name`, `email`, `password`, `created_at`, `updated_at`) VALUES (37, 'Ottilie Yost', 'frami.monserrat@example.org', '7588797df5901952a11961630d3ae6fb1005f99e', '1988-12-12 03:45:42', '1972-05-21 05:31:37');
INSERT INTO `users` (`id`, `name`, `email`, `password`, `created_at`, `updated_at`) VALUES (38, 'Cathy Goldner', 'trenton.walker@example.org', '4a0689c64d0084f59cf96efe048a028b03fb3e09', '1976-04-05 18:46:26', '1982-04-12 05:44:51');
INSERT INTO `users` (`id`, `name`, `email`, `password`, `created_at`, `updated_at`) VALUES (39, 'Keeley Lemke III', 'angie.satterfield@example.net', 'd2e7e79645aa48f71ed045f5bdac46f4754ca64a', '1977-11-23 16:46:33', '2014-03-04 18:44:59');
INSERT INTO `users` (`id`, `name`, `email`, `password`, `created_at`, `updated_at`) VALUES (40, 'Mrs. Fae Hodkiewicz', 'elegros@example.net', '7bdfd7e69c681bdc212b55f46f623820d7d663cb', '1987-11-13 11:55:36', '1978-11-04 22:40:59');
INSERT INTO `users` (`id`, `name`, `email`, `password`, `created_at`, `updated_at`) VALUES (41, 'Bonnie Hirthe IV', 'hanna.powlowski@example.org', '6275146b78079142d846bbd4a31c678ca0b4affe', '2011-04-03 14:31:11', '2020-09-11 03:15:37');
INSERT INTO `users` (`id`, `name`, `email`, `password`, `created_at`, `updated_at`) VALUES (42, 'Miss Karelle Murazik II', 'liliane02@example.org', '010887e9cb996ddbbfcc92ce2d0ef5f7cc9ef5f7', '1970-05-16 00:59:24', '2014-01-03 01:04:21');
INSERT INTO `users` (`id`, `name`, `email`, `password`, `created_at`, `updated_at`) VALUES (43, 'Uriel Swaniawski', 'kuhn.levi@example.com', '7512646f80b8d8a38929e37166af11e0e55244b2', '1999-11-30 19:03:00', '2003-02-17 10:03:19');
INSERT INTO `users` (`id`, `name`, `email`, `password`, `created_at`, `updated_at`) VALUES (44, 'Unique Feest I', 'mcglynn.dane@example.org', 'aaf1460e05213de24b1ba1c5830b235f76193131', '2009-05-12 12:26:00', '2012-10-19 11:15:32');
INSERT INTO `users` (`id`, `name`, `email`, `password`, `created_at`, `updated_at`) VALUES (45, 'Isabella Schaefer', 'waters.elijah@example.net', '3cb649909c5c0fadba82f03f6e845687bee2e9e0', '1975-06-10 08:42:56', '2019-03-19 10:09:47');
INSERT INTO `users` (`id`, `name`, `email`, `password`, `created_at`, `updated_at`) VALUES (46, 'Corine Lesch', 'kgreenfelder@example.net', '4f9fa3b71ab572cfe4dba54f77335e1c132ccda1', '1998-04-13 13:45:53', '2015-08-26 07:01:49');
INSERT INTO `users` (`id`, `name`, `email`, `password`, `created_at`, `updated_at`) VALUES (47, 'Jaycee Friesen III', 'zcollier@example.net', 'f722fda7d84d8b6ea55c3798f9d99c88c3012f5a', '1992-05-22 17:32:13', '1970-05-24 01:30:43');
INSERT INTO `users` (`id`, `name`, `email`, `password`, `created_at`, `updated_at`) VALUES (48, 'Mrs. Arianna Gerhold', 'vlind@example.net', '466f39b1cf1bec87cadea6ef1e76d5aa91473bf9', '2015-08-24 07:45:45', '1998-02-16 00:11:52');
INSERT INTO `users` (`id`, `name`, `email`, `password`, `created_at`, `updated_at`) VALUES (49, 'Samanta Hodkiewicz', 'lockman.jade@example.org', 'b53d57e8a8c6e30235a96f347a1559e2f4ba4765', '1974-12-06 03:55:47', '1980-09-10 20:50:37');
INSERT INTO `users` (`id`, `name`, `email`, `password`, `created_at`, `updated_at`) VALUES (50, 'Sadie Dooley', 'gottlieb.monica@example.org', 'f94492c1bd2b9279cc2f527a1456185e719a0925', '2020-08-28 15:15:21', '1972-10-23 14:54:47');
INSERT INTO `users` (`id`, `name`, `email`, `password`, `created_at`, `updated_at`) VALUES (51, 'Dino Dibbert', 'qyost@example.org', '47e7f650f066ce43141d7bcf83bac157ce305fc8', '1990-07-07 14:23:07', '1982-01-07 12:14:49');
INSERT INTO `users` (`id`, `name`, `email`, `password`, `created_at`, `updated_at`) VALUES (52, 'Drake Kuhlman', 'hilda12@example.org', 'a5393b517f87180ab86b5f465cdaed055413b1f0', '1985-06-12 14:23:16', '2002-09-13 05:48:56');
INSERT INTO `users` (`id`, `name`, `email`, `password`, `created_at`, `updated_at`) VALUES (53, 'Deion Padberg', 'dax.will@example.net', '8c50c52502c3d052b39a7b061d4ef5496cc9e96c', '1976-01-02 14:21:58', '2010-03-07 04:12:21');
INSERT INTO `users` (`id`, `name`, `email`, `password`, `created_at`, `updated_at`) VALUES (54, 'Electa Cremin', 'weber.louie@example.com', '3d25b1aba098aa6ca1f650cceb3502721194aa3d', '1999-11-09 15:39:06', '1976-05-07 19:56:51');
INSERT INTO `users` (`id`, `name`, `email`, `password`, `created_at`, `updated_at`) VALUES (55, 'Carmel Heidenreich', 'lbrekke@example.com', '0a3e9c9e9abeb2bf750c22462cc84f19c4cbc071', '1991-10-11 00:09:58', '2005-09-27 08:30:54');
INSERT INTO `users` (`id`, `name`, `email`, `password`, `created_at`, `updated_at`) VALUES (56, 'Sedrick Hahn', 'olga28@example.net', '012bf5895298e0855d394458a3dedea86e5d66fe', '2002-05-23 18:48:16', '1982-09-30 02:36:35');
INSERT INTO `users` (`id`, `name`, `email`, `password`, `created_at`, `updated_at`) VALUES (57, 'Ms. Noemie Jacobson V', 'nicolas.goldner@example.org', 'fdd776dcf9e6750ebaca0a9c4b6c469f88447f02', '2008-02-20 22:20:37', '2007-02-26 15:43:38');
INSERT INTO `users` (`id`, `name`, `email`, `password`, `created_at`, `updated_at`) VALUES (58, 'Ms. Ona Denesik V', 'kenton.herzog@example.com', 'f5fff1e548504809a761bde138ab2a53041a37f7', '1999-11-05 17:48:03', '2014-10-29 19:31:22');
INSERT INTO `users` (`id`, `name`, `email`, `password`, `created_at`, `updated_at`) VALUES (59, 'Merle Kling', 'miller.reyes@example.net', '11a8d8f77e104979a120d8fadde154bc3841615d', '1984-11-17 20:46:35', '2002-02-09 14:29:10');
INSERT INTO `users` (`id`, `name`, `email`, `password`, `created_at`, `updated_at`) VALUES (60, 'Mrs. Lilyan Balistreri', 'mary78@example.com', '7ed820f37ab39e40c6b12b6a8c694f4015d9d8be', '1986-10-05 11:33:50', '1978-03-14 02:18:33');
INSERT INTO `users` (`id`, `name`, `email`, `password`, `created_at`, `updated_at`) VALUES (61, 'Antonina O\'Keefe V', 'alf61@example.net', 'c1d0eb53d2fcc616d7c78a4943463582227cc41d', '1980-02-25 02:01:11', '2017-11-22 04:09:28');
INSERT INTO `users` (`id`, `name`, `email`, `password`, `created_at`, `updated_at`) VALUES (62, 'Loyal Altenwerth', 'norris34@example.com', '08cef522112476495f369e4910ee2b3a99219c73', '2012-10-24 01:44:07', '1971-03-13 07:57:39');
INSERT INTO `users` (`id`, `name`, `email`, `password`, `created_at`, `updated_at`) VALUES (63, 'Rogelio Pacocha', 'melvina.wolf@example.org', '61a3a7d4898d75404f6afc90a34dd95b404ced9b', '1994-03-28 07:31:13', '1975-09-12 12:42:39');
INSERT INTO `users` (`id`, `name`, `email`, `password`, `created_at`, `updated_at`) VALUES (64, 'Miss Dolly Conroy PhD', 'hamill.kali@example.net', '097821007b44ba5255e1e87992378ae4db4d76d8', '2008-03-12 03:19:41', '1992-09-07 06:23:15');
INSERT INTO `users` (`id`, `name`, `email`, `password`, `created_at`, `updated_at`) VALUES (65, 'Lavonne Stoltenberg V', 'jbauch@example.net', '62847ce361ede717c6f654f58ba3850a369677fe', '2000-06-21 00:20:37', '2019-09-23 13:11:14');
INSERT INTO `users` (`id`, `name`, `email`, `password`, `created_at`, `updated_at`) VALUES (66, 'Miss Mabelle Lind PhD', 'mcglynn.derek@example.org', '7a275bf3c838e9f76a7366b054f8031b431b14e2', '1981-10-27 23:20:26', '2006-05-22 20:06:33');
INSERT INTO `users` (`id`, `name`, `email`, `password`, `created_at`, `updated_at`) VALUES (67, 'Sandrine Roberts', 'lillian.schmitt@example.net', 'b524d867c8a0f6d02ab1c884a1ff6d12af2a0efc', '1989-02-26 05:17:53', '1981-11-24 11:13:16');
INSERT INTO `users` (`id`, `name`, `email`, `password`, `created_at`, `updated_at`) VALUES (68, 'Delores Conroy', 'dana.mohr@example.org', '1d1b11fe8415eb731a4cd85bfc32439f6fda0f37', '1997-10-30 02:01:39', '1983-08-18 12:31:51');
INSERT INTO `users` (`id`, `name`, `email`, `password`, `created_at`, `updated_at`) VALUES (69, 'Prof. Mercedes Swift Sr.', 'uschumm@example.com', 'f681185e0a3f9e90f6db3cc265fc4a93e0aac364', '1985-07-03 07:34:34', '2005-07-29 14:40:48');
INSERT INTO `users` (`id`, `name`, `email`, `password`, `created_at`, `updated_at`) VALUES (70, 'Shanelle Haag Sr.', 'abuckridge@example.org', '361c2c3e75fd5883202bf702e16836ff66d4a3e7', '1979-01-16 01:51:50', '2012-11-11 09:45:59');
INSERT INTO `users` (`id`, `name`, `email`, `password`, `created_at`, `updated_at`) VALUES (71, 'Mrs. Kara Kuhic', 'ofelia70@example.com', '7084227c25ca9be8a77f8edd910ac7357fb1227b', '2020-07-28 07:11:54', '1993-09-23 06:35:55');
INSERT INTO `users` (`id`, `name`, `email`, `password`, `created_at`, `updated_at`) VALUES (72, 'Elwin Adams', 'little.general@example.net', '5b6faf67ca010466e8ab5aefc1fdcb1ecda6629b', '1974-01-10 19:43:59', '1987-05-07 19:52:24');
INSERT INTO `users` (`id`, `name`, `email`, `password`, `created_at`, `updated_at`) VALUES (73, 'Xavier Russel MD', 'oliver21@example.net', '423e62beb1e909d5c00f89c3550e83cb9be7cc0b', '2020-05-24 20:58:17', '1980-09-23 09:29:50');
INSERT INTO `users` (`id`, `name`, `email`, `password`, `created_at`, `updated_at`) VALUES (74, 'Austyn Fisher', 'uhoeger@example.net', 'e785bec93c06059ba37711f6f4d03d0a8987bea0', '1989-11-11 13:18:49', '1988-03-28 21:12:40');
INSERT INTO `users` (`id`, `name`, `email`, `password`, `created_at`, `updated_at`) VALUES (75, 'Darby Bogisich', 'jarrett.schiller@example.com', 'ce45a197ef71273311fd1bbe9f9ddb45ab049316', '1996-02-10 22:09:55', '1980-03-01 00:26:09');
INSERT INTO `users` (`id`, `name`, `email`, `password`, `created_at`, `updated_at`) VALUES (76, 'Prof. Lukas Powlowski', 'tate.koepp@example.org', '0a76b19b9ed31ab6a6ef9dd1a414f64bf9c32e52', '1984-11-04 23:15:17', '2020-07-15 18:18:54');
INSERT INTO `users` (`id`, `name`, `email`, `password`, `created_at`, `updated_at`) VALUES (77, 'Jermain Moen', 'ksporer@example.com', '086421f3ceb72cdcb636c5d10550aeb87eff4912', '1998-01-02 22:06:32', '2013-02-17 05:18:06');
INSERT INTO `users` (`id`, `name`, `email`, `password`, `created_at`, `updated_at`) VALUES (78, 'Reese Parker DDS', 'rebecca.rowe@example.net', '29967a8c4d5b4a967a89269a91c06abda9c5897c', '1995-12-19 12:43:40', '2000-10-27 21:34:20');
INSERT INTO `users` (`id`, `name`, `email`, `password`, `created_at`, `updated_at`) VALUES (79, 'Ms. Delpha Jacobs', 'hollie50@example.org', '0fb8f76efb754fa098bf701d3c07cbfd17a2d2cd', '2005-05-06 07:51:24', '1982-08-18 15:43:03');
INSERT INTO `users` (`id`, `name`, `email`, `password`, `created_at`, `updated_at`) VALUES (80, 'Mr. Kennith McGlynn', 'cali54@example.com', '039b3680d9b7173deafa2cfddedd28d80d695ef1', '2009-06-19 08:27:13', '2005-06-06 02:49:43');
INSERT INTO `users` (`id`, `name`, `email`, `password`, `created_at`, `updated_at`) VALUES (81, 'Myriam Rosenbaum', 'nschowalter@example.org', 'e35b493493e960ebc9861ac1cd981c3b831ffeed', '2013-04-04 07:17:45', '1979-03-27 03:14:54');
INSERT INTO `users` (`id`, `name`, `email`, `password`, `created_at`, `updated_at`) VALUES (82, 'Jacky Senger', 'sawayn.ulices@example.com', '4681a88d532d8f1d3dd35e541d06771c2a0b6669', '2017-09-02 21:02:30', '2005-06-07 05:53:25');
INSERT INTO `users` (`id`, `name`, `email`, `password`, `created_at`, `updated_at`) VALUES (83, 'Ewald Marquardt II', 'zharvey@example.net', 'bf848a2b8676bffac5e2decc6230f3c1e9ff609a', '1973-10-19 07:00:39', '1988-11-07 19:57:07');
INSERT INTO `users` (`id`, `name`, `email`, `password`, `created_at`, `updated_at`) VALUES (84, 'Haylee Renner', 'ykertzmann@example.net', '522f08fefa715a51ac61392d6a239a308cce7db9', '1985-06-30 20:37:07', '1973-02-27 16:05:07');
INSERT INTO `users` (`id`, `name`, `email`, `password`, `created_at`, `updated_at`) VALUES (85, 'Tamara Terry', 'alisa.pagac@example.net', '7cc32b0bc2759e3f4c7b52fe5e09d6cbb1792884', '1971-01-04 03:59:51', '1978-04-14 18:30:35');
INSERT INTO `users` (`id`, `name`, `email`, `password`, `created_at`, `updated_at`) VALUES (86, 'Jacklyn Hegmann', 'jules06@example.org', 'e870fa26552ead583c870a4b8ddaa985f0ecd509', '1987-06-20 05:01:42', '1982-08-25 14:55:31');
INSERT INTO `users` (`id`, `name`, `email`, `password`, `created_at`, `updated_at`) VALUES (87, 'Brando Reynolds DDS', 'mpagac@example.org', '58297a90df2156e9bf5cd946d41a8c4e3684dc6c', '1983-08-13 20:27:24', '1985-08-11 15:42:00');
INSERT INTO `users` (`id`, `name`, `email`, `password`, `created_at`, `updated_at`) VALUES (88, 'Lydia Roob', 'rmuller@example.com', 'eed224a75de576d55600c006ce408f7b0844cd67', '2001-01-22 09:08:23', '2012-11-09 06:04:51');
INSERT INTO `users` (`id`, `name`, `email`, `password`, `created_at`, `updated_at`) VALUES (89, 'Astrid Kutch', 'perry.howell@example.net', 'ef97a8d2312ba7fb090df0c620c810a729ec388b', '1978-04-01 16:03:09', '1999-05-02 12:36:03');
INSERT INTO `users` (`id`, `name`, `email`, `password`, `created_at`, `updated_at`) VALUES (90, 'Dr. Deanna Senger', 'jerel.leannon@example.net', '1bd13fc81a5aa5db6e3aebed521ad517520b3031', '1996-05-11 20:46:14', '1997-10-27 05:11:11');
INSERT INTO `users` (`id`, `name`, `email`, `password`, `created_at`, `updated_at`) VALUES (91, 'Leilani Lockman', 'vickie.lemke@example.org', '88daecc0e732ee43838dfcac641ea5c232fcfc58', '1997-02-08 01:12:22', '2018-01-21 02:24:39');
INSERT INTO `users` (`id`, `name`, `email`, `password`, `created_at`, `updated_at`) VALUES (92, 'Mr. Tobin Carroll I', 'laila97@example.com', '1f8a7e135ae08384f20f06e32f1daa80b99027e5', '2005-01-15 13:35:56', '2020-05-20 13:34:54');
INSERT INTO `users` (`id`, `name`, `email`, `password`, `created_at`, `updated_at`) VALUES (93, 'Lillian Kohler', 'equigley@example.com', '1f3217843ee3911316cfc388f07fb134921e049a', '1994-03-12 12:00:32', '1999-10-13 06:26:48');
INSERT INTO `users` (`id`, `name`, `email`, `password`, `created_at`, `updated_at`) VALUES (94, 'Angelina Mosciski', 'zlarkin@example.net', '4bb5b3df27560426eac87dc334e6d951cf8db130', '1993-02-06 21:02:06', '2001-03-14 03:40:29');
INSERT INTO `users` (`id`, `name`, `email`, `password`, `created_at`, `updated_at`) VALUES (95, 'Ray Lemke', 'kip.morissette@example.net', '7977c9007035ce7160dd58d8f8a31d3f5b2bd030', '1971-05-06 21:58:10', '2011-10-25 16:57:53');
INSERT INTO `users` (`id`, `name`, `email`, `password`, `created_at`, `updated_at`) VALUES (96, 'Concepcion Bechtelar', 'june.schimmel@example.org', 'f0115fbd0687b9a21723d4d389018610d6670224', '1993-05-18 15:28:59', '1992-05-21 10:48:19');
INSERT INTO `users` (`id`, `name`, `email`, `password`, `created_at`, `updated_at`) VALUES (97, 'Gonzalo Strosin', 'jaron.tromp@example.com', 'd38528d34519085e4f54e20efa976f59cc1316eb', '2002-09-27 11:41:44', '1975-10-07 16:38:59');
INSERT INTO `users` (`id`, `name`, `email`, `password`, `created_at`, `updated_at`) VALUES (98, 'Prof. Marley Glover PhD', 'lhodkiewicz@example.net', '0873067253eca6129fdadc726b91eaa9929a237e', '1995-01-22 22:06:02', '2008-09-30 19:14:18');
INSERT INTO `users` (`id`, `name`, `email`, `password`, `created_at`, `updated_at`) VALUES (99, 'Prof. Mireille Spinka DDS', 'loma43@example.org', '65d4c2069b88b7932abbc104d13f77e608bf3c2f', '1988-03-05 11:41:46', '1983-04-08 02:01:43');
INSERT INTO `users` (`id`, `name`, `email`, `password`, `created_at`, `updated_at`) VALUES (100, 'Gail Lakin', 'reichel.jalen@example.com', '6bbe15b5716878e734bce5e9fec7206534ad896b', '1973-06-09 08:16:25', '1987-04-14 04:34:59');


INSERT INTO `car_property` (`id`, `user_id`, `car_id`, `created_at`, `updated_at`) VALUES (1, 1, 1, '1994-04-10 17:49:37', '1992-08-21 21:37:09');
INSERT INTO `car_property` (`id`, `user_id`, `car_id`, `created_at`, `updated_at`) VALUES (2, 2, 2, '2004-11-12 23:00:50', '1991-06-02 13:22:04');
INSERT INTO `car_property` (`id`, `user_id`, `car_id`, `created_at`, `updated_at`) VALUES (3, 3, 3, '1991-02-22 10:02:01', '1980-08-27 06:34:26');
INSERT INTO `car_property` (`id`, `user_id`, `car_id`, `created_at`, `updated_at`) VALUES (4, 4, 4, '1974-05-22 20:57:54', '2010-02-18 18:06:03');
INSERT INTO `car_property` (`id`, `user_id`, `car_id`, `created_at`, `updated_at`) VALUES (5, 5, 5, '1988-08-29 03:55:56', '1973-06-15 05:23:53');
INSERT INTO `car_property` (`id`, `user_id`, `car_id`, `created_at`, `updated_at`) VALUES (6, 6, 6, '1983-05-09 04:08:29', '2018-12-04 02:00:32');
INSERT INTO `car_property` (`id`, `user_id`, `car_id`, `created_at`, `updated_at`) VALUES (7, 7, 7, '2006-12-19 07:20:23', '1990-12-30 06:24:23');
INSERT INTO `car_property` (`id`, `user_id`, `car_id`, `created_at`, `updated_at`) VALUES (8, 8, 8, '1990-11-19 21:01:02', '1981-05-24 04:25:12');
INSERT INTO `car_property` (`id`, `user_id`, `car_id`, `created_at`, `updated_at`) VALUES (9, 9, 9, '2007-08-21 14:50:34', '2015-08-31 15:10:14');
INSERT INTO `car_property` (`id`, `user_id`, `car_id`, `created_at`, `updated_at`) VALUES (10, 10, 10, '2017-05-12 23:09:15', '1988-01-02 10:51:08');
INSERT INTO `car_property` (`id`, `user_id`, `car_id`, `created_at`, `updated_at`) VALUES (11, 11, 1, '2013-05-03 02:25:31', '2019-01-14 15:02:19');
INSERT INTO `car_property` (`id`, `user_id`, `car_id`, `created_at`, `updated_at`) VALUES (12, 12, 2, '1982-08-23 10:32:47', '2006-02-28 15:22:24');
INSERT INTO `car_property` (`id`, `user_id`, `car_id`, `created_at`, `updated_at`) VALUES (13, 13, 3, '2019-03-17 13:42:58', '2017-09-08 13:22:11');
INSERT INTO `car_property` (`id`, `user_id`, `car_id`, `created_at`, `updated_at`) VALUES (14, 14, 4, '1978-04-01 14:35:22', '2013-07-27 08:32:25');
INSERT INTO `car_property` (`id`, `user_id`, `car_id`, `created_at`, `updated_at`) VALUES (15, 15, 5, '1971-02-19 01:06:53', '1993-09-20 09:55:31');
INSERT INTO `car_property` (`id`, `user_id`, `car_id`, `created_at`, `updated_at`) VALUES (16, 16, 6, '2017-06-09 08:12:13', '2002-03-29 00:58:37');
INSERT INTO `car_property` (`id`, `user_id`, `car_id`, `created_at`, `updated_at`) VALUES (17, 17, 7, '2013-07-01 18:27:31', '2016-04-07 05:05:19');
INSERT INTO `car_property` (`id`, `user_id`, `car_id`, `created_at`, `updated_at`) VALUES (18, 18, 8, '1982-07-01 21:56:56', '1978-12-26 22:38:29');
INSERT INTO `car_property` (`id`, `user_id`, `car_id`, `created_at`, `updated_at`) VALUES (19, 19, 9, '1982-08-29 04:26:59', '2014-09-21 02:36:59');
INSERT INTO `car_property` (`id`, `user_id`, `car_id`, `created_at`, `updated_at`) VALUES (20, 20, 10, '1982-04-27 15:41:26', '1997-03-03 15:47:05');
INSERT INTO `car_property` (`id`, `user_id`, `car_id`, `created_at`, `updated_at`) VALUES (21, 21, 1, '1971-01-19 01:11:34', '2008-10-03 07:44:50');
INSERT INTO `car_property` (`id`, `user_id`, `car_id`, `created_at`, `updated_at`) VALUES (22, 22, 2, '1985-10-13 21:53:36', '2012-12-20 08:34:25');
INSERT INTO `car_property` (`id`, `user_id`, `car_id`, `created_at`, `updated_at`) VALUES (23, 23, 3, '1987-08-19 06:32:18', '1975-12-29 08:36:53');
INSERT INTO `car_property` (`id`, `user_id`, `car_id`, `created_at`, `updated_at`) VALUES (24, 24, 4, '1985-10-26 00:55:39', '1975-11-17 12:37:03');
INSERT INTO `car_property` (`id`, `user_id`, `car_id`, `created_at`, `updated_at`) VALUES (25, 25, 5, '1982-12-03 09:37:29', '2016-05-28 00:55:48');
INSERT INTO `car_property` (`id`, `user_id`, `car_id`, `created_at`, `updated_at`) VALUES (26, 26, 6, '2011-09-23 01:53:52', '2012-08-03 20:21:43');
INSERT INTO `car_property` (`id`, `user_id`, `car_id`, `created_at`, `updated_at`) VALUES (27, 27, 7, '1985-03-10 23:23:37', '1973-02-19 11:22:17');
INSERT INTO `car_property` (`id`, `user_id`, `car_id`, `created_at`, `updated_at`) VALUES (28, 28, 8, '2007-07-18 18:23:31', '2012-10-19 08:43:57');
INSERT INTO `car_property` (`id`, `user_id`, `car_id`, `created_at`, `updated_at`) VALUES (29, 29, 9, '1974-05-15 13:02:52', '1980-11-11 04:42:12');
INSERT INTO `car_property` (`id`, `user_id`, `car_id`, `created_at`, `updated_at`) VALUES (30, 30, 10, '2000-04-30 15:10:00', '1985-09-19 17:31:27');
INSERT INTO `car_property` (`id`, `user_id`, `car_id`, `created_at`, `updated_at`) VALUES (31, 31, 1, '1998-07-20 00:49:19', '1977-12-20 19:22:39');
INSERT INTO `car_property` (`id`, `user_id`, `car_id`, `created_at`, `updated_at`) VALUES (32, 32, 2, '1984-12-18 20:47:04', '2012-03-05 04:11:21');
INSERT INTO `car_property` (`id`, `user_id`, `car_id`, `created_at`, `updated_at`) VALUES (33, 33, 3, '2008-08-21 03:18:27', '2010-11-02 08:03:23');
INSERT INTO `car_property` (`id`, `user_id`, `car_id`, `created_at`, `updated_at`) VALUES (34, 34, 4, '2015-05-15 18:05:01', '2018-10-10 19:05:37');
INSERT INTO `car_property` (`id`, `user_id`, `car_id`, `created_at`, `updated_at`) VALUES (35, 35, 5, '2008-03-09 19:42:56', '2014-02-12 08:27:39');
INSERT INTO `car_property` (`id`, `user_id`, `car_id`, `created_at`, `updated_at`) VALUES (36, 36, 6, '2004-04-07 11:21:55', '1970-09-19 06:17:36');
INSERT INTO `car_property` (`id`, `user_id`, `car_id`, `created_at`, `updated_at`) VALUES (37, 37, 7, '1984-04-13 01:13:35', '1986-06-09 02:04:28');
INSERT INTO `car_property` (`id`, `user_id`, `car_id`, `created_at`, `updated_at`) VALUES (38, 38, 8, '2000-11-09 09:57:45', '1985-07-08 01:36:45');
INSERT INTO `car_property` (`id`, `user_id`, `car_id`, `created_at`, `updated_at`) VALUES (39, 39, 9, '2009-04-05 00:50:06', '1995-12-02 01:38:06');
INSERT INTO `car_property` (`id`, `user_id`, `car_id`, `created_at`, `updated_at`) VALUES (40, 40, 10, '2000-11-16 02:37:53', '1993-07-15 13:41:44');
INSERT INTO `car_property` (`id`, `user_id`, `car_id`, `created_at`, `updated_at`) VALUES (41, 41, 1, '2015-10-25 03:55:43', '2009-11-28 18:38:35');
INSERT INTO `car_property` (`id`, `user_id`, `car_id`, `created_at`, `updated_at`) VALUES (42, 42, 2, '1991-04-17 14:36:29', '2015-07-13 20:09:46');
INSERT INTO `car_property` (`id`, `user_id`, `car_id`, `created_at`, `updated_at`) VALUES (43, 43, 3, '2007-01-05 21:57:29', '1996-08-17 22:49:23');
INSERT INTO `car_property` (`id`, `user_id`, `car_id`, `created_at`, `updated_at`) VALUES (44, 44, 4, '2018-02-21 09:29:10', '2006-07-30 03:20:43');
INSERT INTO `car_property` (`id`, `user_id`, `car_id`, `created_at`, `updated_at`) VALUES (45, 45, 5, '1994-04-19 09:54:44', '2018-12-20 17:15:32');
INSERT INTO `car_property` (`id`, `user_id`, `car_id`, `created_at`, `updated_at`) VALUES (46, 46, 6, '1977-11-05 02:26:09', '2006-02-17 08:09:17');
INSERT INTO `car_property` (`id`, `user_id`, `car_id`, `created_at`, `updated_at`) VALUES (47, 47, 7, '1972-04-10 04:16:05', '2020-11-17 16:45:08');
INSERT INTO `car_property` (`id`, `user_id`, `car_id`, `created_at`, `updated_at`) VALUES (48, 48, 8, '2017-12-07 23:20:44', '2011-12-30 14:54:42');
INSERT INTO `car_property` (`id`, `user_id`, `car_id`, `created_at`, `updated_at`) VALUES (49, 49, 9, '1976-12-03 07:04:18', '2018-05-12 07:51:22');
INSERT INTO `car_property` (`id`, `user_id`, `car_id`, `created_at`, `updated_at`) VALUES (50, 50, 10, '1992-09-22 08:10:58', '1975-10-07 22:41:14');
INSERT INTO `car_property` (`id`, `user_id`, `car_id`, `created_at`, `updated_at`) VALUES (51, 51, 1, '1997-04-22 23:58:27', '2010-08-29 04:09:48');
INSERT INTO `car_property` (`id`, `user_id`, `car_id`, `created_at`, `updated_at`) VALUES (52, 52, 2, '2019-04-07 01:24:45', '1974-06-04 13:01:19');
INSERT INTO `car_property` (`id`, `user_id`, `car_id`, `created_at`, `updated_at`) VALUES (53, 53, 3, '1988-02-25 09:17:48', '1985-11-20 23:59:20');
INSERT INTO `car_property` (`id`, `user_id`, `car_id`, `created_at`, `updated_at`) VALUES (54, 54, 4, '1973-01-27 08:53:39', '1976-09-18 15:41:26');
INSERT INTO `car_property` (`id`, `user_id`, `car_id`, `created_at`, `updated_at`) VALUES (55, 55, 5, '1977-08-09 02:23:40', '1973-05-04 22:52:46');
INSERT INTO `car_property` (`id`, `user_id`, `car_id`, `created_at`, `updated_at`) VALUES (56, 56, 6, '1974-09-15 07:14:45', '2019-01-26 06:36:11');
INSERT INTO `car_property` (`id`, `user_id`, `car_id`, `created_at`, `updated_at`) VALUES (57, 57, 7, '1989-02-12 23:47:57', '2009-08-24 15:44:23');
INSERT INTO `car_property` (`id`, `user_id`, `car_id`, `created_at`, `updated_at`) VALUES (58, 58, 8, '2017-10-25 19:27:24', '1987-11-10 20:30:48');
INSERT INTO `car_property` (`id`, `user_id`, `car_id`, `created_at`, `updated_at`) VALUES (59, 59, 9, '1990-09-21 22:01:07', '1998-11-07 22:44:30');
INSERT INTO `car_property` (`id`, `user_id`, `car_id`, `created_at`, `updated_at`) VALUES (60, 60, 10, '2003-06-07 02:40:28', '2001-05-20 10:00:51');
INSERT INTO `car_property` (`id`, `user_id`, `car_id`, `created_at`, `updated_at`) VALUES (61, 61, 1, '2013-02-23 12:24:25', '1982-07-10 13:45:09');
INSERT INTO `car_property` (`id`, `user_id`, `car_id`, `created_at`, `updated_at`) VALUES (62, 62, 2, '2001-04-12 16:59:31', '1996-03-24 14:40:53');
INSERT INTO `car_property` (`id`, `user_id`, `car_id`, `created_at`, `updated_at`) VALUES (63, 63, 3, '1997-02-21 06:31:01', '1987-07-21 22:10:16');
INSERT INTO `car_property` (`id`, `user_id`, `car_id`, `created_at`, `updated_at`) VALUES (64, 64, 4, '2008-12-31 19:06:33', '1998-02-05 19:21:17');
INSERT INTO `car_property` (`id`, `user_id`, `car_id`, `created_at`, `updated_at`) VALUES (65, 65, 5, '1973-07-31 17:22:59', '1990-10-02 15:00:47');
INSERT INTO `car_property` (`id`, `user_id`, `car_id`, `created_at`, `updated_at`) VALUES (66, 66, 6, '1983-01-02 19:50:45', '2009-06-13 10:56:54');
INSERT INTO `car_property` (`id`, `user_id`, `car_id`, `created_at`, `updated_at`) VALUES (67, 67, 7, '2016-06-25 06:14:59', '2009-03-07 18:52:12');
INSERT INTO `car_property` (`id`, `user_id`, `car_id`, `created_at`, `updated_at`) VALUES (68, 68, 8, '2018-01-07 01:57:14', '1995-05-01 00:35:32');
INSERT INTO `car_property` (`id`, `user_id`, `car_id`, `created_at`, `updated_at`) VALUES (69, 69, 9, '1973-12-21 06:15:11', '1970-07-06 23:27:12');
INSERT INTO `car_property` (`id`, `user_id`, `car_id`, `created_at`, `updated_at`) VALUES (70, 70, 10, '1996-08-26 02:13:08', '2008-07-06 18:40:46');
INSERT INTO `car_property` (`id`, `user_id`, `car_id`, `created_at`, `updated_at`) VALUES (71, 71, 1, '1992-03-30 21:07:57', '2015-12-01 21:32:44');
INSERT INTO `car_property` (`id`, `user_id`, `car_id`, `created_at`, `updated_at`) VALUES (72, 72, 2, '1993-01-29 17:47:58', '2007-12-12 08:49:44');
INSERT INTO `car_property` (`id`, `user_id`, `car_id`, `created_at`, `updated_at`) VALUES (73, 73, 3, '1977-04-05 00:18:33', '1997-10-28 13:02:19');
INSERT INTO `car_property` (`id`, `user_id`, `car_id`, `created_at`, `updated_at`) VALUES (74, 74, 4, '1990-02-21 04:59:58', '2015-04-18 22:16:12');
INSERT INTO `car_property` (`id`, `user_id`, `car_id`, `created_at`, `updated_at`) VALUES (75, 75, 5, '1997-05-10 13:14:43', '2011-03-11 23:53:10');
INSERT INTO `car_property` (`id`, `user_id`, `car_id`, `created_at`, `updated_at`) VALUES (76, 76, 6, '2005-06-25 12:05:33', '1988-11-09 11:34:30');
INSERT INTO `car_property` (`id`, `user_id`, `car_id`, `created_at`, `updated_at`) VALUES (77, 77, 7, '1982-07-07 01:59:23', '1978-01-25 21:44:21');
INSERT INTO `car_property` (`id`, `user_id`, `car_id`, `created_at`, `updated_at`) VALUES (78, 78, 8, '2010-11-26 20:51:03', '1994-12-22 06:26:16');
INSERT INTO `car_property` (`id`, `user_id`, `car_id`, `created_at`, `updated_at`) VALUES (79, 79, 9, '1980-03-25 11:51:58', '2016-01-06 12:42:45');
INSERT INTO `car_property` (`id`, `user_id`, `car_id`, `created_at`, `updated_at`) VALUES (80, 80, 10, '2013-10-26 20:48:26', '1973-09-01 13:57:32');
INSERT INTO `car_property` (`id`, `user_id`, `car_id`, `created_at`, `updated_at`) VALUES (81, 81, 1, '1979-03-27 15:56:05', '2006-06-06 12:19:23');
INSERT INTO `car_property` (`id`, `user_id`, `car_id`, `created_at`, `updated_at`) VALUES (82, 82, 2, '1970-02-12 00:36:43', '1983-03-11 12:17:05');
INSERT INTO `car_property` (`id`, `user_id`, `car_id`, `created_at`, `updated_at`) VALUES (83, 83, 3, '2008-01-15 16:20:02', '2006-09-18 01:09:05');
INSERT INTO `car_property` (`id`, `user_id`, `car_id`, `created_at`, `updated_at`) VALUES (84, 84, 4, '1973-09-29 19:58:16', '1973-02-20 20:22:29');
INSERT INTO `car_property` (`id`, `user_id`, `car_id`, `created_at`, `updated_at`) VALUES (85, 85, 5, '1978-01-01 13:25:07', '2018-12-26 02:00:48');
INSERT INTO `car_property` (`id`, `user_id`, `car_id`, `created_at`, `updated_at`) VALUES (86, 86, 6, '1977-07-15 19:51:23', '1983-11-23 11:23:57');
INSERT INTO `car_property` (`id`, `user_id`, `car_id`, `created_at`, `updated_at`) VALUES (87, 87, 7, '2020-07-07 11:27:25', '1994-12-16 06:42:42');
INSERT INTO `car_property` (`id`, `user_id`, `car_id`, `created_at`, `updated_at`) VALUES (88, 88, 8, '2000-06-13 23:24:41', '1995-03-25 14:02:40');
INSERT INTO `car_property` (`id`, `user_id`, `car_id`, `created_at`, `updated_at`) VALUES (89, 89, 9, '2014-06-10 22:45:47', '2008-11-23 19:29:39');
INSERT INTO `car_property` (`id`, `user_id`, `car_id`, `created_at`, `updated_at`) VALUES (90, 90, 10, '2019-02-17 19:48:14', '1989-04-17 05:10:52');
INSERT INTO `car_property` (`id`, `user_id`, `car_id`, `created_at`, `updated_at`) VALUES (91, 91, 1, '1983-11-04 05:12:35', '1986-11-11 15:53:06');
INSERT INTO `car_property` (`id`, `user_id`, `car_id`, `created_at`, `updated_at`) VALUES (92, 92, 2, '2001-02-20 13:29:33', '2001-11-23 19:34:38');
INSERT INTO `car_property` (`id`, `user_id`, `car_id`, `created_at`, `updated_at`) VALUES (93, 93, 3, '2018-11-24 16:05:20', '2017-08-31 02:53:01');
INSERT INTO `car_property` (`id`, `user_id`, `car_id`, `created_at`, `updated_at`) VALUES (94, 94, 4, '1994-11-13 08:02:05', '1990-02-05 14:25:13');
INSERT INTO `car_property` (`id`, `user_id`, `car_id`, `created_at`, `updated_at`) VALUES (95, 95, 5, '2005-05-31 23:38:43', '1983-08-27 05:34:31');
INSERT INTO `car_property` (`id`, `user_id`, `car_id`, `created_at`, `updated_at`) VALUES (96, 96, 6, '1993-03-29 01:08:12', '1980-02-29 16:10:43');
INSERT INTO `car_property` (`id`, `user_id`, `car_id`, `created_at`, `updated_at`) VALUES (97, 97, 7, '2005-11-29 11:58:21', '2020-09-18 12:00:00');
INSERT INTO `car_property` (`id`, `user_id`, `car_id`, `created_at`, `updated_at`) VALUES (98, 98, 8, '2010-01-02 13:25:54', '1983-01-26 14:02:00');
INSERT INTO `car_property` (`id`, `user_id`, `car_id`, `created_at`, `updated_at`) VALUES (99, 99, 9, '2002-03-12 09:32:32', '1973-05-18 10:00:27');
INSERT INTO `car_property` (`id`, `user_id`, `car_id`, `created_at`, `updated_at`) VALUES (100, 100, 10, '1970-09-23 06:24:52', '2003-11-11 10:28:18');




INSERT INTO `dictionary` (`id`, `creator_user_id`, `name`, `type`, `created_at`, `updated_at`) VALUES (1, 1, 'repellendus', '3', '2013-07-06 23:00:25', '2000-01-23 02:41:39');
INSERT INTO `dictionary` (`id`, `creator_user_id`, `name`, `type`, `created_at`, `updated_at`) VALUES (2, 2, 'quae', '1', '1995-08-02 07:26:42', '1972-04-19 23:50:06');
INSERT INTO `dictionary` (`id`, `creator_user_id`, `name`, `type`, `created_at`, `updated_at`) VALUES (3, 3, 'dolorem', '5', '2016-11-16 00:41:56', '1971-09-01 09:07:36');
INSERT INTO `dictionary` (`id`, `creator_user_id`, `name`, `type`, `created_at`, `updated_at`) VALUES (4, 4, 'et', '1', '2014-06-02 04:52:30', '1977-05-15 10:06:24');
INSERT INTO `dictionary` (`id`, `creator_user_id`, `name`, `type`, `created_at`, `updated_at`) VALUES (5, 5, 'aut', '6', '1970-06-26 19:13:42', '1999-07-24 00:59:26');
INSERT INTO `dictionary` (`id`, `creator_user_id`, `name`, `type`, `created_at`, `updated_at`) VALUES (6, 6, 'facere', '6', '1979-05-29 05:11:33', '1991-09-26 00:04:37');
INSERT INTO `dictionary` (`id`, `creator_user_id`, `name`, `type`, `created_at`, `updated_at`) VALUES (7, 7, 'animi', '9', '1975-01-18 02:07:49', '1972-05-12 07:28:36');
INSERT INTO `dictionary` (`id`, `creator_user_id`, `name`, `type`, `created_at`, `updated_at`) VALUES (8, 8, 'minima', '5', '1983-02-10 09:15:19', '1974-11-28 02:22:12');
INSERT INTO `dictionary` (`id`, `creator_user_id`, `name`, `type`, `created_at`, `updated_at`) VALUES (9, 9, 'aut', '1', '1996-01-16 23:05:12', '1988-07-10 09:14:35');
INSERT INTO `dictionary` (`id`, `creator_user_id`, `name`, `type`, `created_at`, `updated_at`) VALUES (10, 10, 'veritatis', '8', '1988-06-12 12:25:53', '2002-10-09 06:19:30');
INSERT INTO `dictionary` (`id`, `creator_user_id`, `name`, `type`, `created_at`, `updated_at`) VALUES (11, 11, 'impedit', '1', '2007-01-18 18:37:18', '1977-03-12 00:24:15');
INSERT INTO `dictionary` (`id`, `creator_user_id`, `name`, `type`, `created_at`, `updated_at`) VALUES (12, 12, 'odit', '', '2013-05-03 19:58:39', '1970-07-08 20:32:27');
INSERT INTO `dictionary` (`id`, `creator_user_id`, `name`, `type`, `created_at`, `updated_at`) VALUES (13, 13, 'voluptatem', '9', '1991-02-07 04:27:53', '1984-04-02 21:44:42');
INSERT INTO `dictionary` (`id`, `creator_user_id`, `name`, `type`, `created_at`, `updated_at`) VALUES (14, 14, 'nulla', '9', '1972-09-22 15:50:10', '2001-03-02 04:27:29');
INSERT INTO `dictionary` (`id`, `creator_user_id`, `name`, `type`, `created_at`, `updated_at`) VALUES (15, 15, 'praesentium', '3', '1971-05-02 19:16:57', '2000-12-30 05:54:50');
INSERT INTO `dictionary` (`id`, `creator_user_id`, `name`, `type`, `created_at`, `updated_at`) VALUES (16, 16, 'quis', '5', '1986-12-30 03:43:26', '1994-12-10 18:25:24');
INSERT INTO `dictionary` (`id`, `creator_user_id`, `name`, `type`, `created_at`, `updated_at`) VALUES (17, 17, 'magnam', '7', '1974-01-21 09:03:51', '2002-08-17 11:53:48');
INSERT INTO `dictionary` (`id`, `creator_user_id`, `name`, `type`, `created_at`, `updated_at`) VALUES (18, 18, 'accusantium', '2', '2010-01-06 12:33:28', '1992-09-20 02:00:40');
INSERT INTO `dictionary` (`id`, `creator_user_id`, `name`, `type`, `created_at`, `updated_at`) VALUES (19, 19, 'neque', '4', '1981-11-23 17:22:13', '2017-08-18 16:29:48');
INSERT INTO `dictionary` (`id`, `creator_user_id`, `name`, `type`, `created_at`, `updated_at`) VALUES (20, 20, 'animi', '7', '1984-12-01 08:48:57', '2010-01-23 15:34:23');
INSERT INTO `dictionary` (`id`, `creator_user_id`, `name`, `type`, `created_at`, `updated_at`) VALUES (21, 21, 'voluptatem', '4', '2008-08-07 17:13:49', '1978-01-24 12:42:31');
INSERT INTO `dictionary` (`id`, `creator_user_id`, `name`, `type`, `created_at`, `updated_at`) VALUES (22, 22, 'vel', '9', '2018-01-16 08:59:16', '1987-01-31 06:27:18');
INSERT INTO `dictionary` (`id`, `creator_user_id`, `name`, `type`, `created_at`, `updated_at`) VALUES (23, 23, 'officiis', '5', '2003-11-09 13:24:30', '1990-12-06 08:06:18');
INSERT INTO `dictionary` (`id`, `creator_user_id`, `name`, `type`, `created_at`, `updated_at`) VALUES (24, 24, 'quia', '1', '2001-03-07 19:24:31', '2019-01-22 17:06:05');
INSERT INTO `dictionary` (`id`, `creator_user_id`, `name`, `type`, `created_at`, `updated_at`) VALUES (25, 25, 'similique', '1', '1984-10-24 00:13:21', '1981-01-07 12:18:45');
INSERT INTO `dictionary` (`id`, `creator_user_id`, `name`, `type`, `created_at`, `updated_at`) VALUES (26, 26, 'ut', '4', '1970-01-13 07:27:06', '2016-08-11 02:20:31');
INSERT INTO `dictionary` (`id`, `creator_user_id`, `name`, `type`, `created_at`, `updated_at`) VALUES (27, 27, 'eos', '4', '2003-06-15 02:00:21', '2009-10-15 12:11:58');
INSERT INTO `dictionary` (`id`, `creator_user_id`, `name`, `type`, `created_at`, `updated_at`) VALUES (28, 28, 'optio', '2', '1992-11-07 08:33:10', '2018-03-27 12:56:35');
INSERT INTO `dictionary` (`id`, `creator_user_id`, `name`, `type`, `created_at`, `updated_at`) VALUES (29, 29, 'et', '4', '2004-05-09 09:03:57', '1999-05-21 04:32:26');
INSERT INTO `dictionary` (`id`, `creator_user_id`, `name`, `type`, `created_at`, `updated_at`) VALUES (30, 30, 'ducimus', '5', '2008-12-07 03:45:14', '1999-03-30 15:25:26');
INSERT INTO `dictionary` (`id`, `creator_user_id`, `name`, `type`, `created_at`, `updated_at`) VALUES (31, 31, 'repellendus', '2', '1989-05-08 11:24:44', '1989-09-29 17:00:15');
INSERT INTO `dictionary` (`id`, `creator_user_id`, `name`, `type`, `created_at`, `updated_at`) VALUES (32, 32, 'pariatur', '6', '1987-03-12 10:23:52', '1983-10-05 20:51:02');
INSERT INTO `dictionary` (`id`, `creator_user_id`, `name`, `type`, `created_at`, `updated_at`) VALUES (33, 33, 'ducimus', '6', '1975-02-09 15:41:21', '1981-07-26 11:44:25');
INSERT INTO `dictionary` (`id`, `creator_user_id`, `name`, `type`, `created_at`, `updated_at`) VALUES (34, 34, 'doloribus', '1', '2010-12-03 10:27:20', '1983-05-18 15:27:15');
INSERT INTO `dictionary` (`id`, `creator_user_id`, `name`, `type`, `created_at`, `updated_at`) VALUES (35, 35, 'non', '2', '1985-12-13 17:22:18', '1972-04-16 22:15:18');
INSERT INTO `dictionary` (`id`, `creator_user_id`, `name`, `type`, `created_at`, `updated_at`) VALUES (36, 36, 'qui', '5', '1976-07-24 07:27:36', '2019-09-06 13:29:58');
INSERT INTO `dictionary` (`id`, `creator_user_id`, `name`, `type`, `created_at`, `updated_at`) VALUES (37, 37, 'et', '7', '2014-04-16 21:08:23', '1994-12-14 21:10:52');
INSERT INTO `dictionary` (`id`, `creator_user_id`, `name`, `type`, `created_at`, `updated_at`) VALUES (38, 38, 'rerum', '8', '2010-12-31 03:02:57', '2019-01-10 09:04:32');
INSERT INTO `dictionary` (`id`, `creator_user_id`, `name`, `type`, `created_at`, `updated_at`) VALUES (39, 39, 'perferendis', '7', '1988-04-24 17:22:18', '1983-09-15 15:13:01');
INSERT INTO `dictionary` (`id`, `creator_user_id`, `name`, `type`, `created_at`, `updated_at`) VALUES (40, 40, 'vero', '2', '2018-01-02 20:44:59', '1983-08-10 20:02:39');
INSERT INTO `dictionary` (`id`, `creator_user_id`, `name`, `type`, `created_at`, `updated_at`) VALUES (41, 41, 'et', '8', '1978-10-25 10:31:03', '2002-05-19 02:51:03');
INSERT INTO `dictionary` (`id`, `creator_user_id`, `name`, `type`, `created_at`, `updated_at`) VALUES (42, 42, 'ullam', '8', '2012-01-20 11:53:59', '2011-05-18 06:16:47');
INSERT INTO `dictionary` (`id`, `creator_user_id`, `name`, `type`, `created_at`, `updated_at`) VALUES (43, 43, 'vitae', '7', '1977-05-11 13:20:38', '2014-07-27 09:07:57');
INSERT INTO `dictionary` (`id`, `creator_user_id`, `name`, `type`, `created_at`, `updated_at`) VALUES (44, 44, 'et', '2', '2005-06-19 22:09:43', '2019-12-12 02:02:40');
INSERT INTO `dictionary` (`id`, `creator_user_id`, `name`, `type`, `created_at`, `updated_at`) VALUES (45, 45, 'pariatur', '9', '2004-12-24 03:26:56', '1978-03-25 20:30:22');
INSERT INTO `dictionary` (`id`, `creator_user_id`, `name`, `type`, `created_at`, `updated_at`) VALUES (46, 46, 'et', '5', '1993-11-24 22:22:02', '2011-11-21 23:56:26');
INSERT INTO `dictionary` (`id`, `creator_user_id`, `name`, `type`, `created_at`, `updated_at`) VALUES (47, 47, 'voluptatem', '1', '2013-11-27 04:11:32', '1979-08-15 06:12:04');
INSERT INTO `dictionary` (`id`, `creator_user_id`, `name`, `type`, `created_at`, `updated_at`) VALUES (48, 48, 'laboriosam', '7', '1970-02-25 04:34:49', '2002-11-11 17:18:14');
INSERT INTO `dictionary` (`id`, `creator_user_id`, `name`, `type`, `created_at`, `updated_at`) VALUES (49, 49, 'similique', '1', '2015-12-28 08:20:54', '1972-07-06 02:17:58');
INSERT INTO `dictionary` (`id`, `creator_user_id`, `name`, `type`, `created_at`, `updated_at`) VALUES (50, 50, 'ut', '9', '1971-10-21 16:42:26', '2009-10-09 09:08:51');
INSERT INTO `dictionary` (`id`, `creator_user_id`, `name`, `type`, `created_at`, `updated_at`) VALUES (51, 51, 'alias', '1', '2019-01-17 04:22:52', '2012-11-16 13:09:57');
INSERT INTO `dictionary` (`id`, `creator_user_id`, `name`, `type`, `created_at`, `updated_at`) VALUES (52, 52, 'voluptatem', '2', '1996-10-08 19:36:51', '2018-05-29 23:01:33');
INSERT INTO `dictionary` (`id`, `creator_user_id`, `name`, `type`, `created_at`, `updated_at`) VALUES (53, 53, 'quis', '5', '1978-06-08 13:50:48', '1990-08-14 10:03:16');
INSERT INTO `dictionary` (`id`, `creator_user_id`, `name`, `type`, `created_at`, `updated_at`) VALUES (54, 54, 'eligendi', '8', '1988-02-11 04:39:39', '1984-03-26 23:54:55');
INSERT INTO `dictionary` (`id`, `creator_user_id`, `name`, `type`, `created_at`, `updated_at`) VALUES (55, 55, 'quia', '9', '1996-01-03 12:03:45', '1983-08-17 03:34:15');
INSERT INTO `dictionary` (`id`, `creator_user_id`, `name`, `type`, `created_at`, `updated_at`) VALUES (56, 56, 'itaque', '4', '1976-09-22 01:21:51', '1988-05-19 20:28:30');
INSERT INTO `dictionary` (`id`, `creator_user_id`, `name`, `type`, `created_at`, `updated_at`) VALUES (57, 57, 'enim', '2', '1977-06-30 19:45:26', '1994-10-09 21:31:19');
INSERT INTO `dictionary` (`id`, `creator_user_id`, `name`, `type`, `created_at`, `updated_at`) VALUES (58, 58, 'iure', '7', '2010-04-10 19:16:13', '2018-05-06 23:35:37');
INSERT INTO `dictionary` (`id`, `creator_user_id`, `name`, `type`, `created_at`, `updated_at`) VALUES (59, 59, 'nesciunt', '2', '1993-01-20 20:43:27', '2003-12-16 22:43:12');
INSERT INTO `dictionary` (`id`, `creator_user_id`, `name`, `type`, `created_at`, `updated_at`) VALUES (60, 60, 'blanditiis', '3', '1989-09-09 22:02:04', '2009-09-27 21:08:03');
INSERT INTO `dictionary` (`id`, `creator_user_id`, `name`, `type`, `created_at`, `updated_at`) VALUES (61, 61, 'saepe', '', '1989-03-04 14:59:47', '1987-01-02 00:40:31');
INSERT INTO `dictionary` (`id`, `creator_user_id`, `name`, `type`, `created_at`, `updated_at`) VALUES (62, 62, 'quisquam', '1', '2008-01-25 21:57:58', '2001-07-16 23:48:53');
INSERT INTO `dictionary` (`id`, `creator_user_id`, `name`, `type`, `created_at`, `updated_at`) VALUES (63, 63, 'totam', '4', '2011-03-26 10:08:25', '1988-05-17 09:31:16');
INSERT INTO `dictionary` (`id`, `creator_user_id`, `name`, `type`, `created_at`, `updated_at`) VALUES (64, 64, 'beatae', '4', '1981-09-02 20:16:36', '1980-08-16 13:10:55');
INSERT INTO `dictionary` (`id`, `creator_user_id`, `name`, `type`, `created_at`, `updated_at`) VALUES (65, 65, 'suscipit', '', '1998-03-10 19:16:53', '1993-03-11 17:02:33');
INSERT INTO `dictionary` (`id`, `creator_user_id`, `name`, `type`, `created_at`, `updated_at`) VALUES (66, 66, 'voluptatem', '6', '1978-02-21 22:40:10', '2017-07-05 18:59:55');
INSERT INTO `dictionary` (`id`, `creator_user_id`, `name`, `type`, `created_at`, `updated_at`) VALUES (67, 67, 'numquam', '', '1992-12-03 12:35:17', '2005-04-29 11:06:10');
INSERT INTO `dictionary` (`id`, `creator_user_id`, `name`, `type`, `created_at`, `updated_at`) VALUES (68, 68, 'at', '4', '2010-11-13 11:25:42', '2009-11-19 22:37:55');
INSERT INTO `dictionary` (`id`, `creator_user_id`, `name`, `type`, `created_at`, `updated_at`) VALUES (69, 69, 'ut', '', '2016-12-25 05:05:32', '2007-08-10 19:56:18');
INSERT INTO `dictionary` (`id`, `creator_user_id`, `name`, `type`, `created_at`, `updated_at`) VALUES (70, 70, 'est', '8', '1972-10-29 21:44:46', '2014-05-21 12:14:14');
INSERT INTO `dictionary` (`id`, `creator_user_id`, `name`, `type`, `created_at`, `updated_at`) VALUES (71, 71, 'adipisci', '3', '1999-12-13 20:09:38', '2020-05-17 02:33:18');
INSERT INTO `dictionary` (`id`, `creator_user_id`, `name`, `type`, `created_at`, `updated_at`) VALUES (72, 72, 'est', '1', '1980-05-22 15:22:43', '1982-10-17 02:15:15');
INSERT INTO `dictionary` (`id`, `creator_user_id`, `name`, `type`, `created_at`, `updated_at`) VALUES (73, 73, 'placeat', '9', '2015-06-04 11:19:29', '1990-09-11 20:31:28');
INSERT INTO `dictionary` (`id`, `creator_user_id`, `name`, `type`, `created_at`, `updated_at`) VALUES (74, 74, 'et', '7', '1983-12-17 07:13:08', '1980-12-01 03:40:36');
INSERT INTO `dictionary` (`id`, `creator_user_id`, `name`, `type`, `created_at`, `updated_at`) VALUES (75, 75, 'non', '5', '1999-02-11 21:04:27', '2018-08-31 10:51:09');
INSERT INTO `dictionary` (`id`, `creator_user_id`, `name`, `type`, `created_at`, `updated_at`) VALUES (76, 76, 'sed', '', '2002-01-02 14:06:28', '1982-08-02 18:48:07');
INSERT INTO `dictionary` (`id`, `creator_user_id`, `name`, `type`, `created_at`, `updated_at`) VALUES (77, 77, 'molestias', '9', '2000-12-18 15:21:44', '1996-02-20 18:22:45');
INSERT INTO `dictionary` (`id`, `creator_user_id`, `name`, `type`, `created_at`, `updated_at`) VALUES (78, 78, 'a', '8', '1994-02-09 13:21:52', '2020-09-01 17:50:22');
INSERT INTO `dictionary` (`id`, `creator_user_id`, `name`, `type`, `created_at`, `updated_at`) VALUES (79, 79, 'consequatur', '5', '2001-06-06 01:41:59', '2010-12-08 22:23:27');
INSERT INTO `dictionary` (`id`, `creator_user_id`, `name`, `type`, `created_at`, `updated_at`) VALUES (80, 80, 'nisi', '2', '2009-01-08 11:22:57', '1988-07-11 20:07:59');
INSERT INTO `dictionary` (`id`, `creator_user_id`, `name`, `type`, `created_at`, `updated_at`) VALUES (81, 81, 'et', '4', '1981-10-22 22:29:43', '2017-04-26 10:13:28');
INSERT INTO `dictionary` (`id`, `creator_user_id`, `name`, `type`, `created_at`, `updated_at`) VALUES (82, 82, 'amet', '', '1977-10-25 22:46:46', '1990-02-14 13:03:21');
INSERT INTO `dictionary` (`id`, `creator_user_id`, `name`, `type`, `created_at`, `updated_at`) VALUES (83, 83, 'aut', '6', '2012-11-10 10:47:32', '1975-05-24 02:31:31');
INSERT INTO `dictionary` (`id`, `creator_user_id`, `name`, `type`, `created_at`, `updated_at`) VALUES (84, 84, 'iure', '2', '2012-05-22 09:21:05', '1988-04-08 02:18:43');
INSERT INTO `dictionary` (`id`, `creator_user_id`, `name`, `type`, `created_at`, `updated_at`) VALUES (85, 85, 'ratione', '3', '2006-04-14 01:59:23', '1995-05-20 07:03:50');
INSERT INTO `dictionary` (`id`, `creator_user_id`, `name`, `type`, `created_at`, `updated_at`) VALUES (86, 86, 'voluptatem', '4', '1999-02-16 00:39:20', '1982-07-12 13:47:20');
INSERT INTO `dictionary` (`id`, `creator_user_id`, `name`, `type`, `created_at`, `updated_at`) VALUES (87, 87, 'inventore', '1', '2003-08-30 22:11:01', '1978-05-27 08:21:30');
INSERT INTO `dictionary` (`id`, `creator_user_id`, `name`, `type`, `created_at`, `updated_at`) VALUES (88, 88, 'sed', '6', '2008-03-10 12:23:01', '2002-06-15 17:38:42');
INSERT INTO `dictionary` (`id`, `creator_user_id`, `name`, `type`, `created_at`, `updated_at`) VALUES (89, 89, 'amet', '7', '1971-06-19 20:24:10', '1987-12-17 16:13:58');
INSERT INTO `dictionary` (`id`, `creator_user_id`, `name`, `type`, `created_at`, `updated_at`) VALUES (90, 90, 'dolorem', '', '1974-01-24 19:39:12', '1988-05-02 16:17:56');
INSERT INTO `dictionary` (`id`, `creator_user_id`, `name`, `type`, `created_at`, `updated_at`) VALUES (91, 91, 'alias', '', '1984-07-04 03:45:23', '2017-09-19 02:32:07');
INSERT INTO `dictionary` (`id`, `creator_user_id`, `name`, `type`, `created_at`, `updated_at`) VALUES (92, 92, 'facere', '4', '2003-03-25 13:26:00', '2014-01-30 00:30:10');
INSERT INTO `dictionary` (`id`, `creator_user_id`, `name`, `type`, `created_at`, `updated_at`) VALUES (93, 93, 'sit', '8', '2006-10-14 18:43:07', '2009-12-15 19:13:22');
INSERT INTO `dictionary` (`id`, `creator_user_id`, `name`, `type`, `created_at`, `updated_at`) VALUES (94, 94, 'nihil', '1', '1981-02-20 09:59:39', '2002-08-05 00:25:26');
INSERT INTO `dictionary` (`id`, `creator_user_id`, `name`, `type`, `created_at`, `updated_at`) VALUES (95, 95, 'dolorem', '2', '1985-02-07 19:03:12', '1982-10-12 13:31:26');
INSERT INTO `dictionary` (`id`, `creator_user_id`, `name`, `type`, `created_at`, `updated_at`) VALUES (96, 96, 'excepturi', '', '1983-02-04 19:50:45', '1996-12-28 19:30:08');
INSERT INTO `dictionary` (`id`, `creator_user_id`, `name`, `type`, `created_at`, `updated_at`) VALUES (97, 97, 'voluptatem', '6', '1995-01-08 16:18:47', '2020-11-28 15:26:32');
INSERT INTO `dictionary` (`id`, `creator_user_id`, `name`, `type`, `created_at`, `updated_at`) VALUES (98, 98, 'occaecati', '6', '2001-08-12 17:27:31', '2019-11-04 12:42:15');
INSERT INTO `dictionary` (`id`, `creator_user_id`, `name`, `type`, `created_at`, `updated_at`) VALUES (99, 99, 'placeat', '8', '1982-12-17 06:36:29', '2004-02-13 17:36:05');
INSERT INTO `dictionary` (`id`, `creator_user_id`, `name`, `type`, `created_at`, `updated_at`) VALUES (100, 100, 'aperiam', '5', '1996-05-15 15:40:27', '1991-02-24 00:59:54');


INSERT INTO `dictionary_users` (`dictionary_id`, `user_id`, `created_at`, `updated_at`) VALUES (1, 1, '1975-02-08 16:11:32', '1983-03-15 16:22:24');
INSERT INTO `dictionary_users` (`dictionary_id`, `user_id`, `created_at`, `updated_at`) VALUES (2, 2, '1981-11-05 16:06:55', '1987-01-02 04:33:50');
INSERT INTO `dictionary_users` (`dictionary_id`, `user_id`, `created_at`, `updated_at`) VALUES (3, 3, '1987-07-05 10:32:10', '1982-10-23 12:49:18');
INSERT INTO `dictionary_users` (`dictionary_id`, `user_id`, `created_at`, `updated_at`) VALUES (4, 4, '1977-12-07 20:51:51', '1980-12-21 00:03:28');
INSERT INTO `dictionary_users` (`dictionary_id`, `user_id`, `created_at`, `updated_at`) VALUES (5, 5, '1975-01-07 09:53:05', '1974-09-15 12:00:22');
INSERT INTO `dictionary_users` (`dictionary_id`, `user_id`, `created_at`, `updated_at`) VALUES (6, 6, '2009-05-26 15:55:15', '1976-02-09 12:31:04');
INSERT INTO `dictionary_users` (`dictionary_id`, `user_id`, `created_at`, `updated_at`) VALUES (7, 7, '2007-07-14 03:20:24', '1996-08-13 12:59:29');
INSERT INTO `dictionary_users` (`dictionary_id`, `user_id`, `created_at`, `updated_at`) VALUES (8, 8, '1990-05-11 20:29:16', '1998-06-22 07:44:18');
INSERT INTO `dictionary_users` (`dictionary_id`, `user_id`, `created_at`, `updated_at`) VALUES (9, 9, '1996-02-01 12:23:58', '2000-01-23 21:16:24');
INSERT INTO `dictionary_users` (`dictionary_id`, `user_id`, `created_at`, `updated_at`) VALUES (10, 10, '1984-07-20 20:48:59', '1998-01-06 22:45:23');
INSERT INTO `dictionary_users` (`dictionary_id`, `user_id`, `created_at`, `updated_at`) VALUES (11, 11, '1971-08-05 16:28:26', '1991-04-28 20:12:21');
INSERT INTO `dictionary_users` (`dictionary_id`, `user_id`, `created_at`, `updated_at`) VALUES (12, 12, '1994-08-05 13:47:04', '2013-06-27 16:15:40');
INSERT INTO `dictionary_users` (`dictionary_id`, `user_id`, `created_at`, `updated_at`) VALUES (13, 13, '1998-04-26 17:33:16', '2012-07-28 11:06:46');
INSERT INTO `dictionary_users` (`dictionary_id`, `user_id`, `created_at`, `updated_at`) VALUES (14, 14, '1973-10-10 01:38:37', '2011-02-21 01:49:50');
INSERT INTO `dictionary_users` (`dictionary_id`, `user_id`, `created_at`, `updated_at`) VALUES (15, 15, '1982-04-17 20:01:04', '1971-11-09 04:03:32');
INSERT INTO `dictionary_users` (`dictionary_id`, `user_id`, `created_at`, `updated_at`) VALUES (16, 16, '2014-08-21 16:52:23', '2008-06-03 04:32:57');
INSERT INTO `dictionary_users` (`dictionary_id`, `user_id`, `created_at`, `updated_at`) VALUES (17, 17, '2004-07-02 10:38:57', '1975-05-05 07:17:27');
INSERT INTO `dictionary_users` (`dictionary_id`, `user_id`, `created_at`, `updated_at`) VALUES (18, 18, '2019-08-18 08:23:15', '1972-09-13 01:42:46');
INSERT INTO `dictionary_users` (`dictionary_id`, `user_id`, `created_at`, `updated_at`) VALUES (19, 19, '1987-08-03 03:45:01', '1991-09-16 15:07:59');
INSERT INTO `dictionary_users` (`dictionary_id`, `user_id`, `created_at`, `updated_at`) VALUES (20, 20, '1976-01-23 09:23:08', '2014-11-07 07:57:52');
INSERT INTO `dictionary_users` (`dictionary_id`, `user_id`, `created_at`, `updated_at`) VALUES (21, 21, '1978-11-15 05:33:51', '1998-03-07 10:35:19');
INSERT INTO `dictionary_users` (`dictionary_id`, `user_id`, `created_at`, `updated_at`) VALUES (22, 22, '1983-04-03 13:51:41', '2005-07-20 01:30:59');
INSERT INTO `dictionary_users` (`dictionary_id`, `user_id`, `created_at`, `updated_at`) VALUES (23, 23, '1992-01-06 23:26:54', '1995-07-09 15:48:12');
INSERT INTO `dictionary_users` (`dictionary_id`, `user_id`, `created_at`, `updated_at`) VALUES (24, 24, '1974-01-01 02:37:00', '2001-10-16 14:54:20');
INSERT INTO `dictionary_users` (`dictionary_id`, `user_id`, `created_at`, `updated_at`) VALUES (25, 25, '1995-03-30 23:48:09', '1980-01-19 03:37:21');
INSERT INTO `dictionary_users` (`dictionary_id`, `user_id`, `created_at`, `updated_at`) VALUES (26, 26, '2014-04-26 10:54:51', '1998-04-12 09:23:40');
INSERT INTO `dictionary_users` (`dictionary_id`, `user_id`, `created_at`, `updated_at`) VALUES (27, 27, '2014-04-09 16:44:29', '1975-04-03 20:19:54');
INSERT INTO `dictionary_users` (`dictionary_id`, `user_id`, `created_at`, `updated_at`) VALUES (28, 28, '1992-07-16 11:15:47', '1984-09-18 14:41:01');
INSERT INTO `dictionary_users` (`dictionary_id`, `user_id`, `created_at`, `updated_at`) VALUES (29, 29, '1988-07-24 16:54:50', '2007-06-15 20:54:03');
INSERT INTO `dictionary_users` (`dictionary_id`, `user_id`, `created_at`, `updated_at`) VALUES (30, 30, '1994-02-08 02:38:35', '2007-05-15 07:29:22');
INSERT INTO `dictionary_users` (`dictionary_id`, `user_id`, `created_at`, `updated_at`) VALUES (31, 31, '1981-05-28 21:01:40', '1976-07-08 01:27:22');
INSERT INTO `dictionary_users` (`dictionary_id`, `user_id`, `created_at`, `updated_at`) VALUES (32, 32, '1974-05-29 15:07:35', '2001-11-21 05:54:52');
INSERT INTO `dictionary_users` (`dictionary_id`, `user_id`, `created_at`, `updated_at`) VALUES (33, 33, '1979-04-12 01:38:04', '1982-06-28 21:25:04');
INSERT INTO `dictionary_users` (`dictionary_id`, `user_id`, `created_at`, `updated_at`) VALUES (34, 34, '1995-04-19 10:46:49', '2005-06-21 23:19:51');
INSERT INTO `dictionary_users` (`dictionary_id`, `user_id`, `created_at`, `updated_at`) VALUES (35, 35, '1998-12-17 01:50:45', '1974-09-18 01:37:28');
INSERT INTO `dictionary_users` (`dictionary_id`, `user_id`, `created_at`, `updated_at`) VALUES (36, 36, '1973-04-28 15:20:42', '1972-08-07 19:22:53');
INSERT INTO `dictionary_users` (`dictionary_id`, `user_id`, `created_at`, `updated_at`) VALUES (37, 37, '1972-09-07 18:15:22', '1999-04-23 05:26:11');
INSERT INTO `dictionary_users` (`dictionary_id`, `user_id`, `created_at`, `updated_at`) VALUES (38, 38, '2005-07-25 06:46:52', '1980-08-31 07:33:18');
INSERT INTO `dictionary_users` (`dictionary_id`, `user_id`, `created_at`, `updated_at`) VALUES (39, 39, '1990-09-02 18:30:38', '2008-08-19 17:04:12');
INSERT INTO `dictionary_users` (`dictionary_id`, `user_id`, `created_at`, `updated_at`) VALUES (40, 40, '2015-01-30 00:04:29', '2007-06-20 04:50:34');
INSERT INTO `dictionary_users` (`dictionary_id`, `user_id`, `created_at`, `updated_at`) VALUES (41, 41, '2012-12-12 01:43:17', '1987-05-05 22:04:35');
INSERT INTO `dictionary_users` (`dictionary_id`, `user_id`, `created_at`, `updated_at`) VALUES (42, 42, '1982-07-29 04:54:00', '2015-03-21 03:55:43');
INSERT INTO `dictionary_users` (`dictionary_id`, `user_id`, `created_at`, `updated_at`) VALUES (43, 43, '2004-02-27 16:40:33', '1997-11-27 10:23:42');
INSERT INTO `dictionary_users` (`dictionary_id`, `user_id`, `created_at`, `updated_at`) VALUES (44, 44, '1988-02-03 16:51:52', '1986-10-27 21:36:01');
INSERT INTO `dictionary_users` (`dictionary_id`, `user_id`, `created_at`, `updated_at`) VALUES (45, 45, '1980-01-07 14:27:08', '2013-07-13 16:53:59');
INSERT INTO `dictionary_users` (`dictionary_id`, `user_id`, `created_at`, `updated_at`) VALUES (46, 46, '2004-01-23 16:26:21', '1979-11-21 05:10:03');
INSERT INTO `dictionary_users` (`dictionary_id`, `user_id`, `created_at`, `updated_at`) VALUES (47, 47, '1970-08-22 03:05:16', '2003-11-05 10:26:35');
INSERT INTO `dictionary_users` (`dictionary_id`, `user_id`, `created_at`, `updated_at`) VALUES (48, 48, '2016-02-20 23:22:38', '1972-05-23 05:29:04');
INSERT INTO `dictionary_users` (`dictionary_id`, `user_id`, `created_at`, `updated_at`) VALUES (49, 49, '2008-02-01 16:45:55', '1986-07-31 04:23:31');
INSERT INTO `dictionary_users` (`dictionary_id`, `user_id`, `created_at`, `updated_at`) VALUES (50, 50, '2006-09-02 20:46:10', '1984-11-26 09:13:08');
INSERT INTO `dictionary_users` (`dictionary_id`, `user_id`, `created_at`, `updated_at`) VALUES (51, 51, '2008-05-15 14:45:21', '1973-07-18 07:22:02');
INSERT INTO `dictionary_users` (`dictionary_id`, `user_id`, `created_at`, `updated_at`) VALUES (52, 52, '1974-06-15 02:24:38', '2014-12-18 23:39:01');
INSERT INTO `dictionary_users` (`dictionary_id`, `user_id`, `created_at`, `updated_at`) VALUES (53, 53, '1987-07-30 14:44:25', '1983-01-20 19:58:51');
INSERT INTO `dictionary_users` (`dictionary_id`, `user_id`, `created_at`, `updated_at`) VALUES (54, 54, '2018-11-12 05:27:22', '2007-12-12 23:29:48');
INSERT INTO `dictionary_users` (`dictionary_id`, `user_id`, `created_at`, `updated_at`) VALUES (55, 55, '2020-12-03 13:47:01', '1976-03-30 03:56:34');
INSERT INTO `dictionary_users` (`dictionary_id`, `user_id`, `created_at`, `updated_at`) VALUES (56, 56, '2019-03-09 13:40:09', '2010-03-14 05:17:10');
INSERT INTO `dictionary_users` (`dictionary_id`, `user_id`, `created_at`, `updated_at`) VALUES (57, 57, '1991-07-06 08:59:40', '2008-09-10 22:18:18');
INSERT INTO `dictionary_users` (`dictionary_id`, `user_id`, `created_at`, `updated_at`) VALUES (58, 58, '1971-08-11 02:59:51', '1975-06-21 12:15:39');
INSERT INTO `dictionary_users` (`dictionary_id`, `user_id`, `created_at`, `updated_at`) VALUES (59, 59, '1973-06-30 11:32:21', '1972-02-03 02:14:34');
INSERT INTO `dictionary_users` (`dictionary_id`, `user_id`, `created_at`, `updated_at`) VALUES (60, 60, '1997-01-15 19:33:26', '1999-06-13 15:43:13');
INSERT INTO `dictionary_users` (`dictionary_id`, `user_id`, `created_at`, `updated_at`) VALUES (61, 61, '1972-09-28 00:12:39', '2011-05-27 18:20:43');
INSERT INTO `dictionary_users` (`dictionary_id`, `user_id`, `created_at`, `updated_at`) VALUES (62, 62, '1973-01-05 20:42:39', '2009-08-31 19:20:24');
INSERT INTO `dictionary_users` (`dictionary_id`, `user_id`, `created_at`, `updated_at`) VALUES (63, 63, '1976-09-07 18:37:11', '1995-10-21 21:24:38');
INSERT INTO `dictionary_users` (`dictionary_id`, `user_id`, `created_at`, `updated_at`) VALUES (64, 64, '1981-01-01 09:11:24', '1991-06-23 13:01:04');
INSERT INTO `dictionary_users` (`dictionary_id`, `user_id`, `created_at`, `updated_at`) VALUES (65, 65, '2019-04-08 07:00:44', '2014-10-29 01:34:05');
INSERT INTO `dictionary_users` (`dictionary_id`, `user_id`, `created_at`, `updated_at`) VALUES (66, 66, '1981-09-19 01:53:13', '2008-08-18 23:08:26');
INSERT INTO `dictionary_users` (`dictionary_id`, `user_id`, `created_at`, `updated_at`) VALUES (67, 67, '1974-08-05 07:42:51', '1992-01-05 14:08:34');
INSERT INTO `dictionary_users` (`dictionary_id`, `user_id`, `created_at`, `updated_at`) VALUES (68, 68, '2013-11-22 15:06:02', '2000-09-10 09:59:55');
INSERT INTO `dictionary_users` (`dictionary_id`, `user_id`, `created_at`, `updated_at`) VALUES (69, 69, '2000-09-23 23:16:49', '1981-06-17 13:42:46');
INSERT INTO `dictionary_users` (`dictionary_id`, `user_id`, `created_at`, `updated_at`) VALUES (70, 70, '2019-01-15 20:54:52', '1974-11-27 18:38:52');
INSERT INTO `dictionary_users` (`dictionary_id`, `user_id`, `created_at`, `updated_at`) VALUES (71, 71, '2007-01-07 04:08:02', '1970-08-02 22:41:48');
INSERT INTO `dictionary_users` (`dictionary_id`, `user_id`, `created_at`, `updated_at`) VALUES (72, 72, '1979-04-01 18:40:54', '1979-04-18 00:15:44');
INSERT INTO `dictionary_users` (`dictionary_id`, `user_id`, `created_at`, `updated_at`) VALUES (73, 73, '1984-10-12 14:58:29', '1980-11-18 18:30:34');
INSERT INTO `dictionary_users` (`dictionary_id`, `user_id`, `created_at`, `updated_at`) VALUES (74, 74, '2010-08-29 03:51:46', '1997-03-15 01:20:11');
INSERT INTO `dictionary_users` (`dictionary_id`, `user_id`, `created_at`, `updated_at`) VALUES (75, 75, '2007-08-15 03:44:25', '1999-09-24 13:52:05');
INSERT INTO `dictionary_users` (`dictionary_id`, `user_id`, `created_at`, `updated_at`) VALUES (76, 76, '1994-12-28 04:05:15', '1997-09-11 07:31:07');
INSERT INTO `dictionary_users` (`dictionary_id`, `user_id`, `created_at`, `updated_at`) VALUES (77, 77, '2000-06-12 15:30:59', '1971-05-20 00:14:23');
INSERT INTO `dictionary_users` (`dictionary_id`, `user_id`, `created_at`, `updated_at`) VALUES (78, 78, '1994-03-05 19:39:26', '1983-01-06 19:07:21');
INSERT INTO `dictionary_users` (`dictionary_id`, `user_id`, `created_at`, `updated_at`) VALUES (79, 79, '1980-04-29 14:17:54', '2015-05-17 07:26:48');
INSERT INTO `dictionary_users` (`dictionary_id`, `user_id`, `created_at`, `updated_at`) VALUES (80, 80, '1990-06-21 18:18:41', '2018-07-06 18:02:49');
INSERT INTO `dictionary_users` (`dictionary_id`, `user_id`, `created_at`, `updated_at`) VALUES (81, 81, '2009-05-07 07:29:21', '1997-03-12 01:02:58');
INSERT INTO `dictionary_users` (`dictionary_id`, `user_id`, `created_at`, `updated_at`) VALUES (82, 82, '1978-01-21 23:07:17', '2006-06-06 03:13:14');
INSERT INTO `dictionary_users` (`dictionary_id`, `user_id`, `created_at`, `updated_at`) VALUES (83, 83, '1980-05-21 17:28:06', '1997-03-03 04:59:24');
INSERT INTO `dictionary_users` (`dictionary_id`, `user_id`, `created_at`, `updated_at`) VALUES (84, 84, '2012-07-14 22:19:59', '1989-09-29 01:32:19');
INSERT INTO `dictionary_users` (`dictionary_id`, `user_id`, `created_at`, `updated_at`) VALUES (85, 85, '1982-08-11 06:04:43', '2009-09-07 05:32:43');
INSERT INTO `dictionary_users` (`dictionary_id`, `user_id`, `created_at`, `updated_at`) VALUES (86, 86, '1978-01-20 23:03:16', '1995-12-26 20:14:56');
INSERT INTO `dictionary_users` (`dictionary_id`, `user_id`, `created_at`, `updated_at`) VALUES (87, 87, '2017-05-11 23:14:05', '1977-06-15 07:17:30');
INSERT INTO `dictionary_users` (`dictionary_id`, `user_id`, `created_at`, `updated_at`) VALUES (88, 88, '1986-03-05 22:57:45', '2006-09-25 04:15:39');
INSERT INTO `dictionary_users` (`dictionary_id`, `user_id`, `created_at`, `updated_at`) VALUES (89, 89, '2019-06-08 08:21:16', '1984-10-21 20:29:33');
INSERT INTO `dictionary_users` (`dictionary_id`, `user_id`, `created_at`, `updated_at`) VALUES (90, 90, '2019-09-07 16:35:29', '2017-03-29 17:57:09');
INSERT INTO `dictionary_users` (`dictionary_id`, `user_id`, `created_at`, `updated_at`) VALUES (91, 91, '1993-08-03 13:28:01', '1985-12-16 08:08:37');
INSERT INTO `dictionary_users` (`dictionary_id`, `user_id`, `created_at`, `updated_at`) VALUES (92, 92, '1974-05-01 17:43:07', '1987-03-31 03:01:33');
INSERT INTO `dictionary_users` (`dictionary_id`, `user_id`, `created_at`, `updated_at`) VALUES (93, 93, '2019-02-18 18:23:21', '2008-12-22 16:03:59');
INSERT INTO `dictionary_users` (`dictionary_id`, `user_id`, `created_at`, `updated_at`) VALUES (94, 94, '1973-11-02 22:00:03', '1974-06-04 16:04:30');
INSERT INTO `dictionary_users` (`dictionary_id`, `user_id`, `created_at`, `updated_at`) VALUES (95, 95, '1997-07-23 21:35:46', '2012-10-30 13:46:11');
INSERT INTO `dictionary_users` (`dictionary_id`, `user_id`, `created_at`, `updated_at`) VALUES (96, 96, '2020-10-17 18:57:29', '2006-08-03 06:02:20');
INSERT INTO `dictionary_users` (`dictionary_id`, `user_id`, `created_at`, `updated_at`) VALUES (97, 97, '2018-12-20 12:04:52', '2015-04-03 00:07:51');
INSERT INTO `dictionary_users` (`dictionary_id`, `user_id`, `created_at`, `updated_at`) VALUES (98, 98, '2016-02-09 11:18:18', '2015-08-14 20:55:35');
INSERT INTO `dictionary_users` (`dictionary_id`, `user_id`, `created_at`, `updated_at`) VALUES (99, 99, '1993-10-20 18:18:47', '1989-02-14 05:20:34');
INSERT INTO `dictionary_users` (`dictionary_id`, `user_id`, `created_at`, `updated_at`) VALUES (100, 100, '2012-06-18 13:19:12', '2020-07-16 08:16:53');


INSERT INTO `friendship` (`id`, `user_id`, `friend_id`, `status_id`, `confirmed_at`, `created_at`, `updated_at`) VALUES (1, 1, 1, 0, '2014-02-15 01:58:32', '1987-04-21 15:40:23', '1987-01-10 14:49:41');
INSERT INTO `friendship` (`id`, `user_id`, `friend_id`, `status_id`, `confirmed_at`, `created_at`, `updated_at`) VALUES (2, 2, 2, 4, '1987-01-30 14:50:22', '1989-09-15 10:22:11', '2009-12-27 04:04:44');
INSERT INTO `friendship` (`id`, `user_id`, `friend_id`, `status_id`, `confirmed_at`, `created_at`, `updated_at`) VALUES (3, 3, 3, 5, '2019-03-18 11:14:52', '1975-08-28 02:45:27', '1982-03-25 00:31:36');
INSERT INTO `friendship` (`id`, `user_id`, `friend_id`, `status_id`, `confirmed_at`, `created_at`, `updated_at`) VALUES (4, 4, 4, 6, '2005-10-09 05:13:32', '1973-08-03 11:40:05', '1990-08-07 06:53:09');
INSERT INTO `friendship` (`id`, `user_id`, `friend_id`, `status_id`, `confirmed_at`, `created_at`, `updated_at`) VALUES (5, 5, 5, 0, '2013-11-14 01:21:28', '1991-12-16 02:12:24', '2007-05-15 23:52:25');
INSERT INTO `friendship` (`id`, `user_id`, `friend_id`, `status_id`, `confirmed_at`, `created_at`, `updated_at`) VALUES (6, 6, 6, 7, '2010-03-14 06:06:22', '1986-12-09 19:56:38', '1979-09-10 13:22:26');
INSERT INTO `friendship` (`id`, `user_id`, `friend_id`, `status_id`, `confirmed_at`, `created_at`, `updated_at`) VALUES (7, 7, 7, 8, '1990-03-04 12:16:08', '2011-01-09 17:23:54', '2001-11-29 18:16:56');
INSERT INTO `friendship` (`id`, `user_id`, `friend_id`, `status_id`, `confirmed_at`, `created_at`, `updated_at`) VALUES (8, 8, 8, 6, '1982-09-01 05:57:02', '2015-04-16 18:30:27', '1987-02-20 22:27:33');
INSERT INTO `friendship` (`id`, `user_id`, `friend_id`, `status_id`, `confirmed_at`, `created_at`, `updated_at`) VALUES (9, 9, 9, 1, '2013-07-23 14:44:47', '1993-12-27 19:42:30', '1993-04-16 21:48:40');
INSERT INTO `friendship` (`id`, `user_id`, `friend_id`, `status_id`, `confirmed_at`, `created_at`, `updated_at`) VALUES (10, 10, 10, 5, '2009-12-30 11:09:26', '1982-08-09 06:01:43', '1993-04-07 01:06:40');
INSERT INTO `friendship` (`id`, `user_id`, `friend_id`, `status_id`, `confirmed_at`, `created_at`, `updated_at`) VALUES (11, 11, 11, 7, '1998-10-24 17:36:05', '2005-10-08 16:28:44', '1985-08-30 11:01:59');
INSERT INTO `friendship` (`id`, `user_id`, `friend_id`, `status_id`, `confirmed_at`, `created_at`, `updated_at`) VALUES (12, 12, 12, 3, '1975-10-07 12:41:08', '1998-11-09 22:43:59', '1994-06-26 20:36:29');
INSERT INTO `friendship` (`id`, `user_id`, `friend_id`, `status_id`, `confirmed_at`, `created_at`, `updated_at`) VALUES (13, 13, 13, 6, '2001-04-19 14:25:33', '2003-12-23 02:01:34', '2020-04-05 04:50:09');
INSERT INTO `friendship` (`id`, `user_id`, `friend_id`, `status_id`, `confirmed_at`, `created_at`, `updated_at`) VALUES (14, 14, 14, 8, '2019-11-29 21:32:54', '2008-01-25 07:01:42', '2011-09-22 03:01:48');
INSERT INTO `friendship` (`id`, `user_id`, `friend_id`, `status_id`, `confirmed_at`, `created_at`, `updated_at`) VALUES (15, 15, 15, 3, '1979-04-24 01:05:45', '1981-04-26 13:07:44', '2017-07-23 15:51:49');
INSERT INTO `friendship` (`id`, `user_id`, `friend_id`, `status_id`, `confirmed_at`, `created_at`, `updated_at`) VALUES (16, 16, 16, 3, '1982-12-19 12:42:59', '1992-05-26 10:31:24', '1996-09-02 13:30:16');
INSERT INTO `friendship` (`id`, `user_id`, `friend_id`, `status_id`, `confirmed_at`, `created_at`, `updated_at`) VALUES (17, 17, 17, 6, '1971-03-31 19:35:39', '1994-05-09 17:42:31', '2011-03-24 15:58:46');
INSERT INTO `friendship` (`id`, `user_id`, `friend_id`, `status_id`, `confirmed_at`, `created_at`, `updated_at`) VALUES (18, 18, 18, 8, '2003-10-10 06:30:14', '1988-03-01 16:53:15', '2005-01-14 03:55:34');
INSERT INTO `friendship` (`id`, `user_id`, `friend_id`, `status_id`, `confirmed_at`, `created_at`, `updated_at`) VALUES (19, 19, 19, 5, '1975-04-13 15:58:53', '2018-05-30 10:49:51', '2010-10-13 22:04:50');
INSERT INTO `friendship` (`id`, `user_id`, `friend_id`, `status_id`, `confirmed_at`, `created_at`, `updated_at`) VALUES (20, 20, 20, 9, '2019-08-11 07:04:00', '2017-02-15 04:31:47', '1980-12-11 17:18:03');
INSERT INTO `friendship` (`id`, `user_id`, `friend_id`, `status_id`, `confirmed_at`, `created_at`, `updated_at`) VALUES (21, 21, 21, 4, '2013-11-19 04:11:42', '1977-02-17 03:46:48', '2016-01-15 23:39:23');
INSERT INTO `friendship` (`id`, `user_id`, `friend_id`, `status_id`, `confirmed_at`, `created_at`, `updated_at`) VALUES (22, 22, 22, 9, '1991-02-22 18:28:11', '2011-11-03 13:57:47', '1995-05-02 11:44:15');
INSERT INTO `friendship` (`id`, `user_id`, `friend_id`, `status_id`, `confirmed_at`, `created_at`, `updated_at`) VALUES (23, 23, 23, 1, '2019-06-05 11:04:11', '2010-05-12 02:19:50', '2000-04-05 09:51:45');
INSERT INTO `friendship` (`id`, `user_id`, `friend_id`, `status_id`, `confirmed_at`, `created_at`, `updated_at`) VALUES (24, 24, 24, 7, '1981-04-09 02:31:03', '1973-02-14 09:42:39', '1974-01-03 04:19:27');
INSERT INTO `friendship` (`id`, `user_id`, `friend_id`, `status_id`, `confirmed_at`, `created_at`, `updated_at`) VALUES (25, 25, 25, 7, '1984-04-13 20:28:18', '1991-01-03 16:55:48', '2015-06-30 12:57:49');
INSERT INTO `friendship` (`id`, `user_id`, `friend_id`, `status_id`, `confirmed_at`, `created_at`, `updated_at`) VALUES (26, 26, 26, 0, '2008-02-25 17:31:53', '1973-01-07 03:47:52', '1985-04-14 19:30:02');
INSERT INTO `friendship` (`id`, `user_id`, `friend_id`, `status_id`, `confirmed_at`, `created_at`, `updated_at`) VALUES (27, 27, 27, 8, '1982-08-11 02:36:48', '1995-06-20 22:15:01', '1988-09-24 03:43:12');
INSERT INTO `friendship` (`id`, `user_id`, `friend_id`, `status_id`, `confirmed_at`, `created_at`, `updated_at`) VALUES (28, 28, 28, 6, '1998-08-05 06:14:06', '1997-04-03 17:46:18', '2000-04-24 14:52:46');
INSERT INTO `friendship` (`id`, `user_id`, `friend_id`, `status_id`, `confirmed_at`, `created_at`, `updated_at`) VALUES (29, 29, 29, 6, '2003-01-19 19:31:34', '1995-02-01 09:26:08', '1996-01-05 20:28:31');
INSERT INTO `friendship` (`id`, `user_id`, `friend_id`, `status_id`, `confirmed_at`, `created_at`, `updated_at`) VALUES (30, 30, 30, 3, '1980-10-02 22:57:41', '1992-10-06 18:20:53', '1975-09-17 14:15:02');
INSERT INTO `friendship` (`id`, `user_id`, `friend_id`, `status_id`, `confirmed_at`, `created_at`, `updated_at`) VALUES (31, 31, 31, 5, '1987-01-24 22:07:41', '2006-05-26 12:39:40', '2013-04-26 14:14:10');
INSERT INTO `friendship` (`id`, `user_id`, `friend_id`, `status_id`, `confirmed_at`, `created_at`, `updated_at`) VALUES (32, 32, 32, 9, '1974-01-24 22:33:04', '1992-08-20 03:41:59', '1977-02-06 13:58:31');
INSERT INTO `friendship` (`id`, `user_id`, `friend_id`, `status_id`, `confirmed_at`, `created_at`, `updated_at`) VALUES (33, 33, 33, 3, '2010-09-08 04:12:40', '1977-07-16 09:55:08', '1992-10-14 06:05:52');
INSERT INTO `friendship` (`id`, `user_id`, `friend_id`, `status_id`, `confirmed_at`, `created_at`, `updated_at`) VALUES (34, 34, 34, 9, '1987-04-14 21:51:03', '2004-02-28 13:25:40', '1993-07-08 03:14:50');
INSERT INTO `friendship` (`id`, `user_id`, `friend_id`, `status_id`, `confirmed_at`, `created_at`, `updated_at`) VALUES (35, 35, 35, 1, '2002-03-13 19:28:58', '2006-08-01 23:22:23', '1976-07-09 05:14:06');
INSERT INTO `friendship` (`id`, `user_id`, `friend_id`, `status_id`, `confirmed_at`, `created_at`, `updated_at`) VALUES (36, 36, 36, 7, '1977-04-26 14:31:54', '1984-01-30 20:19:39', '2016-05-11 00:20:23');
INSERT INTO `friendship` (`id`, `user_id`, `friend_id`, `status_id`, `confirmed_at`, `created_at`, `updated_at`) VALUES (37, 37, 37, 1, '1993-04-03 13:45:01', '1986-09-21 02:41:33', '1976-01-13 09:48:58');
INSERT INTO `friendship` (`id`, `user_id`, `friend_id`, `status_id`, `confirmed_at`, `created_at`, `updated_at`) VALUES (38, 38, 38, 6, '1996-01-05 16:12:15', '1979-08-21 21:21:37', '2004-06-22 07:38:37');
INSERT INTO `friendship` (`id`, `user_id`, `friend_id`, `status_id`, `confirmed_at`, `created_at`, `updated_at`) VALUES (39, 39, 39, 6, '2004-02-11 10:17:47', '1999-10-16 07:21:15', '1982-03-16 21:27:32');
INSERT INTO `friendship` (`id`, `user_id`, `friend_id`, `status_id`, `confirmed_at`, `created_at`, `updated_at`) VALUES (40, 40, 40, 4, '1993-06-06 01:25:47', '2018-07-07 05:51:22', '1983-08-28 10:39:06');
INSERT INTO `friendship` (`id`, `user_id`, `friend_id`, `status_id`, `confirmed_at`, `created_at`, `updated_at`) VALUES (41, 41, 41, 7, '1976-07-27 13:06:17', '1970-12-11 10:33:57', '1973-06-10 22:37:04');
INSERT INTO `friendship` (`id`, `user_id`, `friend_id`, `status_id`, `confirmed_at`, `created_at`, `updated_at`) VALUES (42, 42, 42, 1, '1974-10-12 10:43:37', '1978-06-04 16:46:06', '1988-06-04 15:46:22');
INSERT INTO `friendship` (`id`, `user_id`, `friend_id`, `status_id`, `confirmed_at`, `created_at`, `updated_at`) VALUES (43, 43, 43, 8, '1973-04-20 18:18:37', '1994-11-09 13:00:40', '2001-05-25 18:21:11');
INSERT INTO `friendship` (`id`, `user_id`, `friend_id`, `status_id`, `confirmed_at`, `created_at`, `updated_at`) VALUES (44, 44, 44, 0, '2006-10-05 05:54:49', '1984-10-10 13:19:57', '1973-06-04 22:06:36');
INSERT INTO `friendship` (`id`, `user_id`, `friend_id`, `status_id`, `confirmed_at`, `created_at`, `updated_at`) VALUES (45, 45, 45, 1, '1997-03-19 08:46:40', '2006-04-23 04:37:16', '2020-07-29 23:03:56');
INSERT INTO `friendship` (`id`, `user_id`, `friend_id`, `status_id`, `confirmed_at`, `created_at`, `updated_at`) VALUES (46, 46, 46, 3, '2020-07-12 21:51:05', '2017-04-21 00:26:12', '2019-09-15 17:55:28');
INSERT INTO `friendship` (`id`, `user_id`, `friend_id`, `status_id`, `confirmed_at`, `created_at`, `updated_at`) VALUES (47, 47, 47, 7, '2007-02-08 09:39:56', '2019-02-24 18:20:13', '2020-12-15 02:46:28');
INSERT INTO `friendship` (`id`, `user_id`, `friend_id`, `status_id`, `confirmed_at`, `created_at`, `updated_at`) VALUES (48, 48, 48, 5, '2019-02-01 16:38:33', '2000-07-21 18:10:29', '1993-10-28 14:57:12');
INSERT INTO `friendship` (`id`, `user_id`, `friend_id`, `status_id`, `confirmed_at`, `created_at`, `updated_at`) VALUES (49, 49, 49, 3, '2016-01-10 03:57:04', '1977-04-16 22:19:49', '2012-11-20 05:59:01');
INSERT INTO `friendship` (`id`, `user_id`, `friend_id`, `status_id`, `confirmed_at`, `created_at`, `updated_at`) VALUES (50, 50, 50, 0, '2019-09-18 11:59:07', '1974-11-15 18:54:28', '1984-01-20 15:51:40');
INSERT INTO `friendship` (`id`, `user_id`, `friend_id`, `status_id`, `confirmed_at`, `created_at`, `updated_at`) VALUES (51, 51, 51, 2, '2000-10-01 00:03:00', '2017-07-07 13:18:16', '1979-12-08 14:58:23');
INSERT INTO `friendship` (`id`, `user_id`, `friend_id`, `status_id`, `confirmed_at`, `created_at`, `updated_at`) VALUES (52, 52, 52, 9, '2009-06-12 00:57:50', '1994-06-01 03:05:07', '1994-12-20 18:35:50');
INSERT INTO `friendship` (`id`, `user_id`, `friend_id`, `status_id`, `confirmed_at`, `created_at`, `updated_at`) VALUES (53, 53, 53, 8, '2009-08-26 16:08:08', '2018-02-06 00:25:29', '2002-12-15 10:05:46');
INSERT INTO `friendship` (`id`, `user_id`, `friend_id`, `status_id`, `confirmed_at`, `created_at`, `updated_at`) VALUES (54, 54, 54, 9, '1980-01-10 23:00:16', '1996-12-24 03:31:49', '1994-09-09 06:29:30');
INSERT INTO `friendship` (`id`, `user_id`, `friend_id`, `status_id`, `confirmed_at`, `created_at`, `updated_at`) VALUES (55, 55, 55, 2, '2002-12-11 15:27:26', '2010-11-03 16:20:59', '1994-09-12 06:52:57');
INSERT INTO `friendship` (`id`, `user_id`, `friend_id`, `status_id`, `confirmed_at`, `created_at`, `updated_at`) VALUES (56, 56, 56, 9, '1978-06-19 21:39:46', '1994-03-15 17:09:42', '1979-11-14 11:28:18');
INSERT INTO `friendship` (`id`, `user_id`, `friend_id`, `status_id`, `confirmed_at`, `created_at`, `updated_at`) VALUES (57, 57, 57, 4, '2013-04-10 05:31:22', '2011-06-18 03:27:22', '1986-08-03 16:13:24');
INSERT INTO `friendship` (`id`, `user_id`, `friend_id`, `status_id`, `confirmed_at`, `created_at`, `updated_at`) VALUES (58, 58, 58, 3, '1996-10-07 06:11:03', '2006-05-30 22:38:31', '1987-07-14 23:48:13');
INSERT INTO `friendship` (`id`, `user_id`, `friend_id`, `status_id`, `confirmed_at`, `created_at`, `updated_at`) VALUES (59, 59, 59, 6, '1984-12-09 02:46:12', '2002-06-12 00:29:34', '2007-07-28 11:32:10');
INSERT INTO `friendship` (`id`, `user_id`, `friend_id`, `status_id`, `confirmed_at`, `created_at`, `updated_at`) VALUES (60, 60, 60, 8, '2000-06-13 22:43:24', '1970-11-09 22:28:05', '1986-12-23 14:10:57');
INSERT INTO `friendship` (`id`, `user_id`, `friend_id`, `status_id`, `confirmed_at`, `created_at`, `updated_at`) VALUES (61, 61, 61, 2, '1996-05-29 01:44:27', '2012-05-16 08:26:22', '1979-10-31 09:50:06');
INSERT INTO `friendship` (`id`, `user_id`, `friend_id`, `status_id`, `confirmed_at`, `created_at`, `updated_at`) VALUES (62, 62, 62, 4, '2012-08-22 18:23:20', '1982-07-12 22:31:26', '1995-04-17 06:42:56');
INSERT INTO `friendship` (`id`, `user_id`, `friend_id`, `status_id`, `confirmed_at`, `created_at`, `updated_at`) VALUES (63, 63, 63, 8, '1970-08-14 08:29:15', '1972-07-08 02:13:36', '1988-10-01 03:01:08');
INSERT INTO `friendship` (`id`, `user_id`, `friend_id`, `status_id`, `confirmed_at`, `created_at`, `updated_at`) VALUES (64, 64, 64, 3, '1975-05-03 12:39:27', '2001-03-07 13:04:56', '1998-02-08 06:32:29');
INSERT INTO `friendship` (`id`, `user_id`, `friend_id`, `status_id`, `confirmed_at`, `created_at`, `updated_at`) VALUES (65, 65, 65, 0, '1986-03-01 12:08:58', '1989-01-12 07:39:58', '1977-08-24 09:42:14');
INSERT INTO `friendship` (`id`, `user_id`, `friend_id`, `status_id`, `confirmed_at`, `created_at`, `updated_at`) VALUES (66, 66, 66, 7, '2015-06-02 16:53:48', '1986-01-20 00:09:27', '1993-06-18 13:54:24');
INSERT INTO `friendship` (`id`, `user_id`, `friend_id`, `status_id`, `confirmed_at`, `created_at`, `updated_at`) VALUES (67, 67, 67, 8, '2018-01-22 21:40:14', '1988-06-14 05:02:32', '2018-11-11 21:10:04');
INSERT INTO `friendship` (`id`, `user_id`, `friend_id`, `status_id`, `confirmed_at`, `created_at`, `updated_at`) VALUES (68, 68, 68, 7, '1971-05-12 00:12:18', '2008-08-31 02:46:32', '1977-05-02 06:56:04');
INSERT INTO `friendship` (`id`, `user_id`, `friend_id`, `status_id`, `confirmed_at`, `created_at`, `updated_at`) VALUES (69, 69, 69, 5, '2000-12-25 18:43:29', '2002-07-10 09:04:28', '2016-01-25 16:09:33');
INSERT INTO `friendship` (`id`, `user_id`, `friend_id`, `status_id`, `confirmed_at`, `created_at`, `updated_at`) VALUES (70, 70, 70, 0, '2005-06-15 05:42:34', '1991-06-02 21:49:14', '2016-12-06 15:19:44');
INSERT INTO `friendship` (`id`, `user_id`, `friend_id`, `status_id`, `confirmed_at`, `created_at`, `updated_at`) VALUES (71, 71, 71, 5, '1972-04-15 03:02:36', '1981-10-26 00:34:34', '1979-02-06 22:06:07');
INSERT INTO `friendship` (`id`, `user_id`, `friend_id`, `status_id`, `confirmed_at`, `created_at`, `updated_at`) VALUES (72, 72, 72, 7, '1971-08-13 16:33:21', '2005-06-02 15:17:28', '1997-03-07 04:53:53');
INSERT INTO `friendship` (`id`, `user_id`, `friend_id`, `status_id`, `confirmed_at`, `created_at`, `updated_at`) VALUES (73, 73, 73, 9, '1971-05-19 03:33:03', '2007-08-21 16:48:33', '2018-12-29 03:08:31');
INSERT INTO `friendship` (`id`, `user_id`, `friend_id`, `status_id`, `confirmed_at`, `created_at`, `updated_at`) VALUES (74, 74, 74, 5, '1988-11-17 23:08:25', '1975-01-06 05:40:30', '1975-10-27 10:27:50');
INSERT INTO `friendship` (`id`, `user_id`, `friend_id`, `status_id`, `confirmed_at`, `created_at`, `updated_at`) VALUES (75, 75, 75, 3, '2000-07-16 12:20:51', '2008-05-05 15:03:31', '1993-08-06 02:02:16');
INSERT INTO `friendship` (`id`, `user_id`, `friend_id`, `status_id`, `confirmed_at`, `created_at`, `updated_at`) VALUES (76, 76, 76, 9, '1997-12-06 05:40:51', '1974-11-16 15:28:21', '1983-06-17 23:55:31');
INSERT INTO `friendship` (`id`, `user_id`, `friend_id`, `status_id`, `confirmed_at`, `created_at`, `updated_at`) VALUES (77, 77, 77, 6, '2015-04-21 05:51:26', '1998-07-04 06:44:45', '2018-12-06 20:34:41');
INSERT INTO `friendship` (`id`, `user_id`, `friend_id`, `status_id`, `confirmed_at`, `created_at`, `updated_at`) VALUES (78, 78, 78, 0, '1989-02-17 10:30:40', '2012-11-11 21:33:46', '2002-05-31 00:17:03');
INSERT INTO `friendship` (`id`, `user_id`, `friend_id`, `status_id`, `confirmed_at`, `created_at`, `updated_at`) VALUES (79, 79, 79, 9, '2018-12-31 12:26:13', '1973-06-29 16:23:00', '1986-07-30 04:58:52');
INSERT INTO `friendship` (`id`, `user_id`, `friend_id`, `status_id`, `confirmed_at`, `created_at`, `updated_at`) VALUES (80, 80, 80, 1, '2000-08-17 00:07:35', '1999-03-11 15:23:36', '1988-03-22 07:17:22');
INSERT INTO `friendship` (`id`, `user_id`, `friend_id`, `status_id`, `confirmed_at`, `created_at`, `updated_at`) VALUES (81, 81, 81, 3, '2016-03-09 22:31:41', '1974-12-05 06:11:57', '2017-04-03 19:33:38');
INSERT INTO `friendship` (`id`, `user_id`, `friend_id`, `status_id`, `confirmed_at`, `created_at`, `updated_at`) VALUES (82, 82, 82, 5, '1992-11-27 08:08:28', '2012-10-02 20:49:03', '2015-11-21 02:22:05');
INSERT INTO `friendship` (`id`, `user_id`, `friend_id`, `status_id`, `confirmed_at`, `created_at`, `updated_at`) VALUES (83, 83, 83, 1, '2011-11-23 19:43:47', '2012-07-03 00:01:46', '2008-05-10 05:21:49');
INSERT INTO `friendship` (`id`, `user_id`, `friend_id`, `status_id`, `confirmed_at`, `created_at`, `updated_at`) VALUES (84, 84, 84, 4, '1974-05-25 02:01:42', '1984-06-15 15:31:30', '2001-10-19 15:19:55');
INSERT INTO `friendship` (`id`, `user_id`, `friend_id`, `status_id`, `confirmed_at`, `created_at`, `updated_at`) VALUES (85, 85, 85, 7, '2018-10-05 13:10:09', '2018-07-30 18:53:23', '2002-08-19 20:50:57');
INSERT INTO `friendship` (`id`, `user_id`, `friend_id`, `status_id`, `confirmed_at`, `created_at`, `updated_at`) VALUES (86, 86, 86, 8, '1986-12-27 15:32:18', '2016-01-30 18:20:08', '1976-10-03 17:00:38');
INSERT INTO `friendship` (`id`, `user_id`, `friend_id`, `status_id`, `confirmed_at`, `created_at`, `updated_at`) VALUES (87, 87, 87, 9, '1971-05-30 05:25:24', '1982-05-22 11:10:08', '2008-06-16 22:36:27');
INSERT INTO `friendship` (`id`, `user_id`, `friend_id`, `status_id`, `confirmed_at`, `created_at`, `updated_at`) VALUES (88, 88, 88, 4, '2019-11-05 17:43:57', '2016-04-20 11:40:31', '1992-02-16 20:38:10');
INSERT INTO `friendship` (`id`, `user_id`, `friend_id`, `status_id`, `confirmed_at`, `created_at`, `updated_at`) VALUES (89, 89, 89, 9, '1985-12-30 05:42:24', '2000-07-14 20:11:34', '2015-05-16 09:06:58');
INSERT INTO `friendship` (`id`, `user_id`, `friend_id`, `status_id`, `confirmed_at`, `created_at`, `updated_at`) VALUES (90, 90, 90, 2, '2010-07-12 22:21:49', '2020-10-27 18:57:18', '1993-01-29 00:13:34');
INSERT INTO `friendship` (`id`, `user_id`, `friend_id`, `status_id`, `confirmed_at`, `created_at`, `updated_at`) VALUES (91, 91, 91, 8, '1981-04-17 00:38:15', '1982-04-04 02:06:55', '1989-02-07 16:29:52');
INSERT INTO `friendship` (`id`, `user_id`, `friend_id`, `status_id`, `confirmed_at`, `created_at`, `updated_at`) VALUES (92, 92, 92, 8, '1970-02-17 09:40:45', '1994-05-09 05:26:49', '1989-03-21 11:53:39');
INSERT INTO `friendship` (`id`, `user_id`, `friend_id`, `status_id`, `confirmed_at`, `created_at`, `updated_at`) VALUES (93, 93, 93, 6, '2017-04-18 21:13:09', '2016-05-06 09:10:05', '1999-08-25 05:48:24');
INSERT INTO `friendship` (`id`, `user_id`, `friend_id`, `status_id`, `confirmed_at`, `created_at`, `updated_at`) VALUES (94, 94, 94, 5, '1987-10-29 06:31:54', '2016-01-14 06:16:27', '2010-01-30 05:48:07');
INSERT INTO `friendship` (`id`, `user_id`, `friend_id`, `status_id`, `confirmed_at`, `created_at`, `updated_at`) VALUES (95, 95, 95, 0, '1983-12-03 02:43:59', '2005-05-30 13:40:28', '2005-09-25 17:38:36');
INSERT INTO `friendship` (`id`, `user_id`, `friend_id`, `status_id`, `confirmed_at`, `created_at`, `updated_at`) VALUES (96, 96, 96, 4, '1989-10-05 13:21:53', '1971-10-02 20:03:49', '1987-11-23 16:21:16');
INSERT INTO `friendship` (`id`, `user_id`, `friend_id`, `status_id`, `confirmed_at`, `created_at`, `updated_at`) VALUES (97, 97, 97, 3, '2009-10-31 00:22:39', '1979-04-18 20:43:37', '1997-04-07 05:26:00');
INSERT INTO `friendship` (`id`, `user_id`, `friend_id`, `status_id`, `confirmed_at`, `created_at`, `updated_at`) VALUES (98, 98, 98, 8, '1997-08-01 04:22:12', '1979-07-21 15:36:03', '1988-09-01 14:53:17');
INSERT INTO `friendship` (`id`, `user_id`, `friend_id`, `status_id`, `confirmed_at`, `created_at`, `updated_at`) VALUES (99, 99, 99, 3, '1998-12-18 00:06:47', '2017-10-25 10:37:42', '1974-12-09 05:09:33');
INSERT INTO `friendship` (`id`, `user_id`, `friend_id`, `status_id`, `confirmed_at`, `created_at`, `updated_at`) VALUES (100, 100, 100, 9, '1989-10-03 15:21:32', '1987-02-22 05:21:52', '1982-12-29 12:06:25');


INSERT INTO `messages` (`id`, `from_user_id`, `to_user_id`, `body`, `created_at`, `updated_at`) VALUES (1, 8, 0, 'Nemo alias quae corrupti vitae. Commodi ratione porro ut corporis accusamus sint. Suscipit est voluptatem ut doloremque.', '2004-04-27 04:05:43', '1979-12-08 11:30:38');
INSERT INTO `messages` (`id`, `from_user_id`, `to_user_id`, `body`, `created_at`, `updated_at`) VALUES (2, 5, 3, 'Corporis delectus est ipsam exercitationem cumque rem consequatur. Molestias quo aut quia est tempora dolore autem. Rem assumenda sit voluptatem et sunt rerum mollitia. Commodi voluptate optio qui quae totam.', '2008-05-11 02:32:00', '1999-03-29 11:02:54');
INSERT INTO `messages` (`id`, `from_user_id`, `to_user_id`, `body`, `created_at`, `updated_at`) VALUES (3, 5, 3, 'Assumenda ut quidem impedit repellat. Incidunt iste molestiae unde delectus consequuntur. Aliquid fuga reiciendis eveniet quia. Qui cum nisi provident sed modi ipsam explicabo.', '1987-09-27 02:54:54', '1974-05-13 08:09:13');
INSERT INTO `messages` (`id`, `from_user_id`, `to_user_id`, `body`, `created_at`, `updated_at`) VALUES (4, 6, 3, 'Rerum temporibus sint modi dolor nulla. Molestiae voluptas minus architecto esse ut aliquid iure. Voluptatem quas nesciunt ut magni.', '1989-02-07 00:38:02', '2010-08-16 04:28:34');
INSERT INTO `messages` (`id`, `from_user_id`, `to_user_id`, `body`, `created_at`, `updated_at`) VALUES (5, 7, 2, 'Aut voluptas perspiciatis quia nisi architecto ut. Voluptate alias esse quo est doloremque quia. Nemo sapiente quidem incidunt rerum officia eos. Voluptates itaque sint vitae sapiente.', '1996-04-19 10:27:43', '1975-04-17 17:14:35');
INSERT INTO `messages` (`id`, `from_user_id`, `to_user_id`, `body`, `created_at`, `updated_at`) VALUES (6, 3, 3, 'Blanditiis quis necessitatibus consequatur cumque dolorem sunt ut. Mollitia vel perferendis minus quidem sequi ea. Laborum quia est incidunt.', '1998-01-10 22:52:21', '1990-08-26 11:53:03');
INSERT INTO `messages` (`id`, `from_user_id`, `to_user_id`, `body`, `created_at`, `updated_at`) VALUES (7, 0, 5, 'Velit perspiciatis omnis voluptatem quibusdam odio ipsam. Voluptatem reprehenderit quis et ut labore rerum aspernatur. Occaecati eius aut eligendi maiores qui.', '1982-12-09 18:04:19', '1971-09-19 20:59:41');
INSERT INTO `messages` (`id`, `from_user_id`, `to_user_id`, `body`, `created_at`, `updated_at`) VALUES (8, 3, 4, 'Nemo ut aut ut quo maiores. Laboriosam nulla laboriosam et eum adipisci autem quas. Et reprehenderit voluptatem ratione deserunt eos saepe optio aliquid. Tenetur dolor nisi et nemo sunt eius voluptates.', '2007-01-27 02:49:49', '1972-07-31 04:57:02');
INSERT INTO `messages` (`id`, `from_user_id`, `to_user_id`, `body`, `created_at`, `updated_at`) VALUES (9, 2, 0, 'Voluptatem omnis itaque unde perferendis. Aperiam quas nobis exercitationem ut voluptatem nisi perspiciatis. Enim ut tempora sunt vitae consequatur nisi. Esse in placeat eum.', '1992-02-17 03:25:55', '1997-03-29 09:01:34');
INSERT INTO `messages` (`id`, `from_user_id`, `to_user_id`, `body`, `created_at`, `updated_at`) VALUES (10, 4, 1, 'Reprehenderit voluptate temporibus ipsam voluptatem. Omnis ea delectus tenetur deleniti qui tenetur delectus. Sit ullam ipsum debitis cumque. Voluptate dolores aliquid pariatur est eos blanditiis.', '2001-08-02 16:39:14', '1990-01-06 02:16:41');
INSERT INTO `messages` (`id`, `from_user_id`, `to_user_id`, `body`, `created_at`, `updated_at`) VALUES (11, 8, 6, 'Et eum commodi illum non sunt. Harum quidem ducimus minima illo placeat qui. Eos et laborum quis numquam. Et eaque facilis aut tempore.', '1990-12-08 21:58:40', '2018-11-04 15:16:27');
INSERT INTO `messages` (`id`, `from_user_id`, `to_user_id`, `body`, `created_at`, `updated_at`) VALUES (12, 9, 6, 'At fugiat dolor quasi commodi dolor voluptatem enim dolores. Qui nihil magni quis qui corrupti deleniti vel nemo. Sint voluptatem ratione numquam quos sed. Sequi cumque repellendus quo et ut maxime sequi. Aliquid voluptatem facere accusantium et pariatur.', '2019-03-22 11:17:52', '1996-12-01 20:56:57');
INSERT INTO `messages` (`id`, `from_user_id`, `to_user_id`, `body`, `created_at`, `updated_at`) VALUES (13, 7, 1, 'Eos tenetur consequatur eveniet fugit. Aliquam omnis molestias repellendus tempore. Aliquam debitis et impedit est occaecati et vel. Maxime eum eum aspernatur non quo.', '1987-05-21 06:57:59', '1983-10-30 00:18:34');
INSERT INTO `messages` (`id`, `from_user_id`, `to_user_id`, `body`, `created_at`, `updated_at`) VALUES (14, 4, 3, 'Iste non iure voluptatem et aperiam quia. Debitis numquam iste doloribus qui qui recusandae. Dolorum iure est minus ea illum unde atque.', '1987-06-01 06:58:49', '1987-12-02 22:08:04');
INSERT INTO `messages` (`id`, `from_user_id`, `to_user_id`, `body`, `created_at`, `updated_at`) VALUES (15, 9, 9, 'Inventore ut neque harum velit non rerum magnam. Non rerum quo iste quas numquam. Veritatis dolorem nostrum exercitationem quae debitis. Voluptatibus qui ex doloremque qui exercitationem.', '2015-07-09 00:52:44', '2005-05-15 09:35:20');
INSERT INTO `messages` (`id`, `from_user_id`, `to_user_id`, `body`, `created_at`, `updated_at`) VALUES (16, 3, 4, 'Commodi tenetur accusantium molestiae voluptatum. Quia doloribus ut quas praesentium. Necessitatibus voluptatibus aperiam et aliquid. Minus dolores mollitia soluta minima voluptas expedita libero.', '1976-10-13 21:42:28', '1988-08-27 07:41:33');
INSERT INTO `messages` (`id`, `from_user_id`, `to_user_id`, `body`, `created_at`, `updated_at`) VALUES (17, 8, 8, 'Laboriosam laudantium ea vero commodi id quod nisi natus. Voluptate labore porro quis sunt blanditiis impedit. Aspernatur ea mollitia rerum ut.', '1992-12-11 06:39:24', '2002-06-01 09:49:21');
INSERT INTO `messages` (`id`, `from_user_id`, `to_user_id`, `body`, `created_at`, `updated_at`) VALUES (18, 8, 4, 'Ut quas rerum vero minima. Quasi qui facilis ea ipsam ut neque quam. Accusamus quia rerum ut tempore. Quia similique architecto excepturi et recusandae rem.', '1972-06-29 07:26:11', '1980-03-15 05:38:30');
INSERT INTO `messages` (`id`, `from_user_id`, `to_user_id`, `body`, `created_at`, `updated_at`) VALUES (19, 4, 6, 'Aut dolore eum rerum dolorum. Amet voluptas placeat ut. Dolorem voluptas commodi sunt excepturi culpa. Ea aperiam quibusdam sed consequatur ex molestiae maxime. Quia reprehenderit recusandae hic neque veritatis.', '2005-06-01 09:07:01', '2020-03-15 09:15:56');
INSERT INTO `messages` (`id`, `from_user_id`, `to_user_id`, `body`, `created_at`, `updated_at`) VALUES (20, 7, 4, 'Omnis unde ut omnis cum non voluptas velit ad. Officiis iure accusamus voluptas illo. Neque nemo atque sequi beatae et. Dicta quis modi tenetur sed dolores.', '1992-05-15 07:08:09', '1988-03-31 05:14:19');
INSERT INTO `messages` (`id`, `from_user_id`, `to_user_id`, `body`, `created_at`, `updated_at`) VALUES (21, 4, 3, 'Tenetur perspiciatis et quibusdam architecto dolorum vel vitae. Fuga saepe distinctio pariatur tenetur eos quia. Ea officiis maxime commodi commodi doloribus modi.', '2015-07-28 06:37:21', '2018-12-03 19:21:52');
INSERT INTO `messages` (`id`, `from_user_id`, `to_user_id`, `body`, `created_at`, `updated_at`) VALUES (22, 2, 9, 'Vero ex aliquid omnis assumenda animi. Dolorem eum eum veritatis in minima. Omnis nesciunt sed molestiae veniam eos non.', '1974-08-22 18:38:16', '1976-03-21 03:31:51');
INSERT INTO `messages` (`id`, `from_user_id`, `to_user_id`, `body`, `created_at`, `updated_at`) VALUES (23, 4, 7, 'Earum sed cumque ullam accusamus dolores saepe reprehenderit commodi. Deserunt quod molestiae soluta sequi eum itaque. Iusto ut consectetur voluptas quia quo.', '2002-08-07 11:31:08', '1998-06-11 14:18:08');
INSERT INTO `messages` (`id`, `from_user_id`, `to_user_id`, `body`, `created_at`, `updated_at`) VALUES (24, 2, 5, 'Velit odio reiciendis et eum. Amet dolorem nostrum quos quam. Cum ut vel dolorum.', '1989-06-13 15:16:55', '1977-08-13 22:32:26');
INSERT INTO `messages` (`id`, `from_user_id`, `to_user_id`, `body`, `created_at`, `updated_at`) VALUES (25, 3, 0, 'Est veniam ut asperiores commodi reprehenderit. Et unde alias autem dolorum. Ipsa illum numquam inventore velit incidunt explicabo consequatur. Facilis ut ut perferendis ea dolor ipsum hic.', '1987-08-13 08:35:10', '1979-08-25 16:30:19');
INSERT INTO `messages` (`id`, `from_user_id`, `to_user_id`, `body`, `created_at`, `updated_at`) VALUES (26, 1, 3, 'Commodi optio quaerat consectetur labore odio dignissimos. Recusandae autem illo delectus ex voluptatem sint. Qui occaecati laborum nesciunt suscipit ea.', '2016-04-29 18:17:47', '2009-03-12 16:42:18');
INSERT INTO `messages` (`id`, `from_user_id`, `to_user_id`, `body`, `created_at`, `updated_at`) VALUES (27, 3, 7, 'Deleniti laborum repudiandae autem amet hic sit. Facere provident aut ut nisi dicta. Eius cupiditate perferendis et rem.', '2009-10-15 03:02:14', '2009-08-01 10:12:46');
INSERT INTO `messages` (`id`, `from_user_id`, `to_user_id`, `body`, `created_at`, `updated_at`) VALUES (28, 3, 3, 'Nam ut aperiam perferendis est. Ea non molestias in officiis. Numquam totam impedit qui ut tempore voluptas quia. Aut provident aut nulla magni voluptatem sed aperiam molestiae. Ratione qui nobis ut nihil excepturi nam.', '1982-06-24 23:36:49', '1994-10-10 00:23:01');
INSERT INTO `messages` (`id`, `from_user_id`, `to_user_id`, `body`, `created_at`, `updated_at`) VALUES (29, 9, 2, 'Tempora amet non dolorem atque placeat. Quos similique ut odit vel dolores aut. Eveniet eos minima earum impedit quia optio et.', '1979-07-22 22:09:01', '1983-12-04 19:59:55');
INSERT INTO `messages` (`id`, `from_user_id`, `to_user_id`, `body`, `created_at`, `updated_at`) VALUES (30, 4, 8, 'Omnis enim repellat maxime veniam ducimus in dolorem. Non voluptate dolorum quo assumenda consequatur qui voluptas. Doloribus molestiae rem quas perferendis. Veniam ut distinctio ad.', '2007-05-14 02:29:42', '1971-03-07 07:29:59');
INSERT INTO `messages` (`id`, `from_user_id`, `to_user_id`, `body`, `created_at`, `updated_at`) VALUES (31, 7, 9, 'Deleniti illum accusamus optio omnis. Provident voluptatibus possimus aut modi qui. Minima eos quis assumenda quis provident. At cumque et voluptatem in.', '2014-12-01 20:39:30', '2008-01-25 05:10:27');
INSERT INTO `messages` (`id`, `from_user_id`, `to_user_id`, `body`, `created_at`, `updated_at`) VALUES (32, 2, 6, 'Vitae omnis sint fuga quidem. Eum mollitia et et vitae porro neque. Quisquam nemo quam doloremque et minus.', '1976-04-25 20:37:23', '2003-09-21 06:39:03');
INSERT INTO `messages` (`id`, `from_user_id`, `to_user_id`, `body`, `created_at`, `updated_at`) VALUES (33, 0, 7, 'Aut voluptas quibusdam consequatur sequi vel quaerat voluptas voluptatibus. Accusantium sint aliquid temporibus iusto quam fugit facilis. Reprehenderit et explicabo minima rerum odio consequatur. Temporibus vel praesentium occaecati et ut.', '2009-04-22 11:13:55', '1978-05-03 15:09:36');
INSERT INTO `messages` (`id`, `from_user_id`, `to_user_id`, `body`, `created_at`, `updated_at`) VALUES (34, 3, 6, 'Omnis et quidem enim ex quidem tenetur. Ut ea ut labore quo fugiat dolor est. Aspernatur et cumque illo laborum nesciunt reprehenderit ut.', '2014-12-16 16:40:10', '2010-01-27 03:49:01');
INSERT INTO `messages` (`id`, `from_user_id`, `to_user_id`, `body`, `created_at`, `updated_at`) VALUES (35, 1, 3, 'Quos est occaecati quod excepturi accusamus inventore placeat ea. Molestiae dolor exercitationem repudiandae atque non culpa. Vero inventore sed doloremque ea temporibus qui. Non tempora aut dolorum reiciendis et. Voluptatum nihil deserunt occaecati praesentium unde recusandae.', '2010-08-10 14:15:43', '1972-10-23 20:07:39');
INSERT INTO `messages` (`id`, `from_user_id`, `to_user_id`, `body`, `created_at`, `updated_at`) VALUES (36, 5, 0, 'Qui unde quasi adipisci neque omnis. Quas ut excepturi a soluta.', '1995-11-29 17:26:49', '1995-11-05 19:50:53');
INSERT INTO `messages` (`id`, `from_user_id`, `to_user_id`, `body`, `created_at`, `updated_at`) VALUES (37, 3, 5, 'Facilis qui amet reprehenderit nobis voluptate. Sed assumenda quia inventore reprehenderit non temporibus et. Distinctio accusantium eos aut minus nisi consectetur. Et perspiciatis quia itaque mollitia laborum.', '1985-02-10 08:02:32', '2003-04-30 07:13:50');
INSERT INTO `messages` (`id`, `from_user_id`, `to_user_id`, `body`, `created_at`, `updated_at`) VALUES (38, 4, 2, 'Itaque dolores eius est. Quia neque explicabo cumque eligendi blanditiis quia distinctio. Est officia doloremque ut odio. Dicta harum ut sed in odit omnis asperiores animi.', '1980-10-24 10:06:11', '1975-08-06 02:09:12');
INSERT INTO `messages` (`id`, `from_user_id`, `to_user_id`, `body`, `created_at`, `updated_at`) VALUES (39, 8, 8, 'Minima error dolores optio iure at sequi. Minus numquam dolores et consequuntur. Id aut error consequatur natus fugiat accusamus quas sint.', '1994-12-29 17:58:34', '1985-09-22 00:38:23');
INSERT INTO `messages` (`id`, `from_user_id`, `to_user_id`, `body`, `created_at`, `updated_at`) VALUES (40, 7, 6, 'Qui architecto autem qui qui ratione. Dicta nesciunt voluptatem ut cumque facilis qui quod. Quo atque id ipsa suscipit odit dolore ipsa.', '1984-02-10 20:11:20', '1977-11-22 14:12:23');
INSERT INTO `messages` (`id`, `from_user_id`, `to_user_id`, `body`, `created_at`, `updated_at`) VALUES (41, 5, 9, 'Cumque commodi unde non velit itaque praesentium nisi. Voluptatem odit et deleniti. Nemo ducimus sit et sit recusandae exercitationem sequi ipsum.', '1999-04-30 16:56:13', '1979-02-28 04:32:25');
INSERT INTO `messages` (`id`, `from_user_id`, `to_user_id`, `body`, `created_at`, `updated_at`) VALUES (42, 0, 8, 'Similique nemo quam sit. Labore iste explicabo dolorum nihil. Deserunt necessitatibus fuga neque rem.', '1983-10-01 10:28:05', '2015-08-23 05:43:31');
INSERT INTO `messages` (`id`, `from_user_id`, `to_user_id`, `body`, `created_at`, `updated_at`) VALUES (43, 6, 1, 'Necessitatibus occaecati velit quia voluptate neque quo quis. Labore laborum et esse voluptas. Et impedit ab natus.', '1982-08-14 16:31:11', '1970-06-09 02:57:00');
INSERT INTO `messages` (`id`, `from_user_id`, `to_user_id`, `body`, `created_at`, `updated_at`) VALUES (44, 3, 3, 'Dolorem et qui rerum iure esse autem ut. Suscipit magnam esse eum nobis dolores. Vel enim iste impedit dolore cupiditate porro sit.', '2014-12-30 08:31:56', '1987-10-01 09:57:28');
INSERT INTO `messages` (`id`, `from_user_id`, `to_user_id`, `body`, `created_at`, `updated_at`) VALUES (45, 1, 6, 'Aut temporibus cum commodi. Sit impedit quia delectus ut repellat perspiciatis amet iste. Quo sunt commodi ad nostrum esse molestiae. Dolor aut totam cum quam consequatur.', '1998-10-22 18:59:30', '2008-04-25 21:10:40');
INSERT INTO `messages` (`id`, `from_user_id`, `to_user_id`, `body`, `created_at`, `updated_at`) VALUES (46, 5, 1, 'Eum enim sed assumenda molestiae odit. Laborum eveniet ratione occaecati aut porro aut voluptatem velit. Non distinctio dolor harum quas.', '1980-09-30 19:18:32', '1982-12-21 11:28:36');
INSERT INTO `messages` (`id`, `from_user_id`, `to_user_id`, `body`, `created_at`, `updated_at`) VALUES (47, 8, 0, 'Incidunt voluptatem soluta doloremque dignissimos. Consequatur sit necessitatibus officia recusandae rerum. Id voluptas asperiores tempore neque. Fugit id dolore qui alias enim et vel ut.', '2016-05-08 15:35:12', '2017-04-29 06:42:09');
INSERT INTO `messages` (`id`, `from_user_id`, `to_user_id`, `body`, `created_at`, `updated_at`) VALUES (48, 1, 3, 'Aut molestias in nostrum velit non sapiente sapiente. Voluptas similique dolorum veritatis molestiae. Exercitationem hic a voluptatem veritatis voluptatibus ipsum. Animi saepe temporibus minus aut nulla laboriosam delectus in.', '1983-08-17 06:51:02', '1990-08-28 03:16:07');
INSERT INTO `messages` (`id`, `from_user_id`, `to_user_id`, `body`, `created_at`, `updated_at`) VALUES (49, 0, 7, 'Molestiae nostrum enim dolores ea. Id possimus placeat a error possimus nihil error et. Amet sit occaecati veritatis qui facilis mollitia ut.', '1980-06-29 05:47:14', '1986-03-01 08:12:29');
INSERT INTO `messages` (`id`, `from_user_id`, `to_user_id`, `body`, `created_at`, `updated_at`) VALUES (50, 2, 1, 'Nostrum non quas est. Doloremque excepturi veniam recusandae et odit. Maiores consequatur est eaque fugit doloremque. Qui qui non animi sint ut officiis.', '1979-04-20 04:14:14', '2007-06-25 08:25:24');
INSERT INTO `messages` (`id`, `from_user_id`, `to_user_id`, `body`, `created_at`, `updated_at`) VALUES (51, 3, 5, 'A est magni ipsa quisquam. Harum ut nisi laboriosam occaecati quia tempore iste. Minus eum beatae in veniam labore repudiandae placeat.', '1977-07-07 07:07:21', '1974-07-27 16:02:05');
INSERT INTO `messages` (`id`, `from_user_id`, `to_user_id`, `body`, `created_at`, `updated_at`) VALUES (52, 9, 6, 'Et aliquid voluptatum rerum illum quibusdam aut. Voluptatem repellendus ea illo debitis. Enim optio soluta excepturi recusandae in provident maiores maxime.', '2009-12-05 11:45:42', '1990-07-17 12:59:55');
INSERT INTO `messages` (`id`, `from_user_id`, `to_user_id`, `body`, `created_at`, `updated_at`) VALUES (53, 9, 1, 'Dolore et quis nostrum fuga ex. Quae blanditiis vel ex porro et. Esse eius est quidem laboriosam quaerat aut. Qui fugiat exercitationem fugit voluptatem odio excepturi dolor. Temporibus alias esse similique.', '2004-04-13 04:00:02', '2017-10-05 07:55:49');
INSERT INTO `messages` (`id`, `from_user_id`, `to_user_id`, `body`, `created_at`, `updated_at`) VALUES (54, 2, 0, 'Modi omnis expedita tempora dolorem corporis nihil ea nisi. Est quo cum qui sequi voluptas fugiat. Soluta mollitia et et aut. Repellat error fugit consequatur asperiores illo suscipit.', '1998-01-09 21:08:43', '1978-03-28 20:53:33');
INSERT INTO `messages` (`id`, `from_user_id`, `to_user_id`, `body`, `created_at`, `updated_at`) VALUES (55, 7, 4, 'Rerum animi animi occaecati maxime consequatur. Pariatur veritatis vero corporis asperiores totam hic.', '1982-08-10 20:13:49', '1988-05-22 18:48:49');
INSERT INTO `messages` (`id`, `from_user_id`, `to_user_id`, `body`, `created_at`, `updated_at`) VALUES (56, 7, 7, 'Voluptates est et dolorem quas assumenda ut a consequatur. Voluptatibus similique dolorum laboriosam ut quia omnis inventore. Et ea laudantium velit. Consequatur itaque vel asperiores.', '1993-01-26 04:20:28', '2008-10-27 23:39:17');
INSERT INTO `messages` (`id`, `from_user_id`, `to_user_id`, `body`, `created_at`, `updated_at`) VALUES (57, 6, 9, 'Est et doloremque possimus quis quia asperiores fuga omnis. Quidem voluptas quod laboriosam laboriosam. Impedit repellendus at corporis rem quae.', '2010-09-28 12:21:31', '1970-01-19 14:41:33');
INSERT INTO `messages` (`id`, `from_user_id`, `to_user_id`, `body`, `created_at`, `updated_at`) VALUES (58, 4, 1, 'Ut tenetur quisquam sit eligendi. Non ea est aut. Modi veritatis ut dolorum qui.', '2004-10-07 10:51:53', '1970-04-24 17:52:25');
INSERT INTO `messages` (`id`, `from_user_id`, `to_user_id`, `body`, `created_at`, `updated_at`) VALUES (59, 3, 0, 'Consequuntur vel vel architecto vel. Quibusdam rerum qui ut aut. Perferendis reprehenderit tenetur odit quia quisquam. Totam doloremque tempore eveniet in.', '1998-02-25 11:38:59', '1978-07-28 11:23:40');
INSERT INTO `messages` (`id`, `from_user_id`, `to_user_id`, `body`, `created_at`, `updated_at`) VALUES (60, 4, 0, 'Non cumque corrupti tempora. Non nesciunt id saepe provident fuga reprehenderit. Molestias libero doloribus esse odit a.', '2013-01-22 04:42:39', '1990-09-01 19:10:36');
INSERT INTO `messages` (`id`, `from_user_id`, `to_user_id`, `body`, `created_at`, `updated_at`) VALUES (61, 7, 0, 'Quis sed nihil consectetur rerum et quidem in. Omnis odio rerum recusandae quas voluptas repellendus a. Officia et nisi architecto.', '1984-12-31 04:06:05', '2007-11-10 23:20:51');
INSERT INTO `messages` (`id`, `from_user_id`, `to_user_id`, `body`, `created_at`, `updated_at`) VALUES (62, 8, 9, 'Architecto voluptas eligendi repellendus at. Est voluptatem deserunt non pariatur in non. Sed in debitis consequatur quis. Non et consequatur excepturi eos omnis molestiae.', '1971-04-24 22:28:15', '1980-09-07 14:08:23');
INSERT INTO `messages` (`id`, `from_user_id`, `to_user_id`, `body`, `created_at`, `updated_at`) VALUES (63, 7, 4, 'Accusantium dolorem et voluptatem dolores eum. Autem voluptate molestias aspernatur fugiat. Delectus fugiat facilis quis asperiores enim.', '1979-10-01 09:40:42', '1981-06-29 15:18:53');
INSERT INTO `messages` (`id`, `from_user_id`, `to_user_id`, `body`, `created_at`, `updated_at`) VALUES (64, 3, 7, 'In quibusdam dicta eligendi nobis numquam nam soluta ut. Repellat fuga nulla et qui et sit. Eum fugiat porro non itaque mollitia sint. Dolores veniam accusantium est eum. Vitae et est veritatis et.', '2012-04-06 23:20:12', '2009-07-16 21:26:43');
INSERT INTO `messages` (`id`, `from_user_id`, `to_user_id`, `body`, `created_at`, `updated_at`) VALUES (65, 3, 8, 'Quisquam ut voluptates eaque excepturi illo qui amet. Non eveniet dolorem quaerat hic ducimus doloribus dolore. Voluptate nemo blanditiis non dolorem ut sed suscipit sequi. Voluptates soluta nisi dignissimos repudiandae quo soluta eum temporibus.', '1990-09-17 01:56:55', '2010-10-11 19:14:59');
INSERT INTO `messages` (`id`, `from_user_id`, `to_user_id`, `body`, `created_at`, `updated_at`) VALUES (66, 2, 6, 'Deserunt iusto vitae quia aliquam est. Minus laborum sequi ut in et impedit. Eligendi minus ea ratione iure vero.', '1976-11-24 13:01:50', '1984-02-14 04:39:18');
INSERT INTO `messages` (`id`, `from_user_id`, `to_user_id`, `body`, `created_at`, `updated_at`) VALUES (67, 1, 4, 'Fugiat dicta ut sed adipisci amet. Dignissimos aperiam nisi qui sunt velit qui. Fugiat voluptatem animi dignissimos voluptatem quas nemo.', '2001-10-08 15:30:08', '2002-05-29 13:04:41');
INSERT INTO `messages` (`id`, `from_user_id`, `to_user_id`, `body`, `created_at`, `updated_at`) VALUES (68, 6, 7, 'Maiores et vero earum in consequatur numquam inventore. Quae tempora incidunt doloremque soluta. Qui et qui fugiat aut voluptates et.', '2006-09-17 20:19:10', '2015-09-15 22:31:00');
INSERT INTO `messages` (`id`, `from_user_id`, `to_user_id`, `body`, `created_at`, `updated_at`) VALUES (69, 0, 1, 'Qui nemo tempora qui quae soluta fuga qui. Minima autem nemo est et explicabo. Quia mollitia itaque numquam facere aut. Eos necessitatibus nam at. Consectetur sit consectetur et recusandae.', '2017-06-18 02:46:35', '1988-08-29 02:09:06');
INSERT INTO `messages` (`id`, `from_user_id`, `to_user_id`, `body`, `created_at`, `updated_at`) VALUES (70, 9, 5, 'Rerum exercitationem quisquam dolor vitae laudantium quia alias deleniti. Beatae et maxime ut sint nihil id in. Quam pariatur ullam et veritatis minima dolor vero.', '1988-12-25 02:07:11', '2006-04-06 10:01:14');
INSERT INTO `messages` (`id`, `from_user_id`, `to_user_id`, `body`, `created_at`, `updated_at`) VALUES (71, 5, 2, 'Dolorem fugit necessitatibus ut nesciunt et. Ratione consectetur veritatis omnis odit minus error necessitatibus. Laborum tempora corporis ut nobis dignissimos aut. Quasi et aliquam accusamus et aperiam nihil.', '2006-09-11 04:08:42', '1995-10-02 16:06:19');
INSERT INTO `messages` (`id`, `from_user_id`, `to_user_id`, `body`, `created_at`, `updated_at`) VALUES (72, 6, 0, 'Voluptatem minima saepe blanditiis est porro dignissimos molestiae. Velit sunt non rem corporis sed praesentium et sed.', '1983-07-11 10:14:42', '1998-03-28 19:45:53');
INSERT INTO `messages` (`id`, `from_user_id`, `to_user_id`, `body`, `created_at`, `updated_at`) VALUES (73, 3, 7, 'Quaerat quibusdam odio minus enim nesciunt voluptas. Aspernatur porro velit aliquam neque voluptatum. Aut quaerat earum qui.', '2001-04-23 08:05:45', '2008-06-03 03:57:32');
INSERT INTO `messages` (`id`, `from_user_id`, `to_user_id`, `body`, `created_at`, `updated_at`) VALUES (74, 1, 3, 'Dicta vero culpa sit aliquam excepturi velit in. Sequi ut vero tempore eius ut. Suscipit veniam eum reiciendis perspiciatis libero. Quibusdam suscipit accusantium voluptatem architecto.', '1998-06-05 02:00:11', '1971-05-28 20:12:39');
INSERT INTO `messages` (`id`, `from_user_id`, `to_user_id`, `body`, `created_at`, `updated_at`) VALUES (75, 6, 2, 'Quibusdam ut autem rem est cumque culpa suscipit. Alias sit aliquam rerum neque. Quaerat sint rerum sint numquam. Voluptatem eos soluta aut laboriosam ut.', '2009-05-06 01:30:33', '1979-11-06 01:02:47');
INSERT INTO `messages` (`id`, `from_user_id`, `to_user_id`, `body`, `created_at`, `updated_at`) VALUES (76, 9, 6, 'Non hic corporis non quaerat. Expedita aut a vel doloribus. Ratione et illo placeat temporibus.', '1978-10-11 01:05:37', '2008-06-23 06:05:21');
INSERT INTO `messages` (`id`, `from_user_id`, `to_user_id`, `body`, `created_at`, `updated_at`) VALUES (77, 5, 5, 'Dolore veniam aut rerum est. Dolor dolore nobis enim illum deleniti debitis fuga nostrum. Eum tempore nesciunt quia commodi reiciendis. Provident nam corporis aliquid aut sint sit qui.', '1978-08-28 17:37:16', '1983-06-02 09:44:58');
INSERT INTO `messages` (`id`, `from_user_id`, `to_user_id`, `body`, `created_at`, `updated_at`) VALUES (78, 9, 6, 'Eos quis qui tenetur temporibus laudantium ut sit qui. At aspernatur suscipit pariatur. Neque quibusdam eos sunt sequi molestiae.', '2006-12-04 23:37:47', '1998-09-22 17:12:32');
INSERT INTO `messages` (`id`, `from_user_id`, `to_user_id`, `body`, `created_at`, `updated_at`) VALUES (79, 8, 4, 'Amet vero est est libero blanditiis tenetur. Modi quaerat quo illum et assumenda voluptatem rem. Voluptas facilis perferendis temporibus omnis ex ullam modi perferendis.', '1978-10-18 18:56:10', '2018-05-23 05:50:33');
INSERT INTO `messages` (`id`, `from_user_id`, `to_user_id`, `body`, `created_at`, `updated_at`) VALUES (80, 0, 5, 'Iusto et explicabo nesciunt rerum eos. Quia et maiores nisi ipsam rerum similique aut. Consequatur officiis molestiae molestiae et occaecati sed.', '1983-08-20 05:34:16', '1988-12-21 16:55:41');
INSERT INTO `messages` (`id`, `from_user_id`, `to_user_id`, `body`, `created_at`, `updated_at`) VALUES (81, 8, 9, 'Aut accusamus ullam sunt quia nesciunt tempora. Voluptatibus blanditiis totam facilis dicta dolorem repellat qui. Vel voluptatibus voluptas quia nihil quisquam. At omnis non voluptatem.', '2020-01-05 00:05:12', '1983-01-05 16:11:26');
INSERT INTO `messages` (`id`, `from_user_id`, `to_user_id`, `body`, `created_at`, `updated_at`) VALUES (82, 8, 5, 'Est rerum asperiores consectetur similique ea ut numquam. Sequi veniam est doloribus itaque atque. Autem eos quis eius suscipit quis odio ducimus.', '2015-11-02 04:58:37', '2013-05-04 16:14:20');
INSERT INTO `messages` (`id`, `from_user_id`, `to_user_id`, `body`, `created_at`, `updated_at`) VALUES (83, 8, 6, 'Et quae ab id est consequuntur praesentium atque. Ipsam repellendus rem aut. Quis magnam voluptates et et eaque.', '2015-03-20 23:35:46', '2016-10-28 18:40:57');
INSERT INTO `messages` (`id`, `from_user_id`, `to_user_id`, `body`, `created_at`, `updated_at`) VALUES (84, 2, 8, 'In deserunt voluptate sed dolorem quaerat voluptate distinctio. Numquam tempora ut modi non tempore eos. Exercitationem reiciendis vitae ipsa quaerat laborum hic nemo dolorem.', '1997-03-24 18:33:20', '2020-01-08 04:41:57');
INSERT INTO `messages` (`id`, `from_user_id`, `to_user_id`, `body`, `created_at`, `updated_at`) VALUES (85, 7, 9, 'Repudiandae reprehenderit cum eveniet. Aut doloremque sed corrupti dignissimos vel sit. Nihil earum vel illo quisquam autem quia possimus.', '1994-12-24 15:56:48', '2010-05-26 03:20:36');
INSERT INTO `messages` (`id`, `from_user_id`, `to_user_id`, `body`, `created_at`, `updated_at`) VALUES (86, 7, 5, 'Sapiente autem et amet et animi. Omnis nesciunt ratione qui dolorum vel. Culpa omnis molestiae aut accusamus eligendi molestiae illo. Officia similique magnam tenetur repudiandae facere debitis magni.', '2017-05-01 19:43:33', '1988-04-11 22:18:45');
INSERT INTO `messages` (`id`, `from_user_id`, `to_user_id`, `body`, `created_at`, `updated_at`) VALUES (87, 2, 8, 'Alias totam autem sequi consequatur. Nemo corrupti exercitationem quod.', '1995-11-14 00:13:51', '2010-09-20 17:50:20');
INSERT INTO `messages` (`id`, `from_user_id`, `to_user_id`, `body`, `created_at`, `updated_at`) VALUES (88, 3, 0, 'Id ipsum autem nulla esse laudantium. Neque quas ipsam incidunt. Magni optio aliquam assumenda id eum impedit nobis quo. Molestias quia esse et itaque.', '2019-04-20 01:18:13', '1992-02-17 21:39:53');
INSERT INTO `messages` (`id`, `from_user_id`, `to_user_id`, `body`, `created_at`, `updated_at`) VALUES (89, 9, 4, 'Minima nisi eaque voluptas voluptas. Vel rerum dolores commodi ex aliquam.', '1988-08-04 08:42:40', '1973-03-27 01:38:58');
INSERT INTO `messages` (`id`, `from_user_id`, `to_user_id`, `body`, `created_at`, `updated_at`) VALUES (90, 6, 5, 'Enim sunt suscipit neque soluta. Unde ex quia earum beatae quaerat fugit. Minima cumque ullam nisi.', '2009-04-06 00:02:49', '1981-11-22 08:06:50');
INSERT INTO `messages` (`id`, `from_user_id`, `to_user_id`, `body`, `created_at`, `updated_at`) VALUES (91, 3, 3, 'Alias est eaque praesentium eveniet. Vitae et libero recusandae quas repellat.', '2014-04-08 21:43:41', '2003-12-24 19:36:03');
INSERT INTO `messages` (`id`, `from_user_id`, `to_user_id`, `body`, `created_at`, `updated_at`) VALUES (92, 4, 2, 'Natus ut voluptas est consequuntur libero accusantium unde. Ut dignissimos enim quos consequatur neque. Qui modi dolor eveniet excepturi harum magni.', '1987-12-15 08:27:07', '1985-05-09 11:53:43');
INSERT INTO `messages` (`id`, `from_user_id`, `to_user_id`, `body`, `created_at`, `updated_at`) VALUES (93, 8, 9, 'Repudiandae esse aspernatur molestiae voluptatibus voluptate sed. Hic soluta ipsa molestiae eum porro et. Sunt quaerat corporis aut voluptatibus corrupti. Dolorem dolorem iste quis qui est rerum. Expedita et quis cumque optio laudantium ex a.', '2020-10-07 23:07:24', '2007-11-25 20:55:17');
INSERT INTO `messages` (`id`, `from_user_id`, `to_user_id`, `body`, `created_at`, `updated_at`) VALUES (94, 3, 5, 'Vitae et et rerum qui eveniet distinctio. Officiis reprehenderit explicabo commodi nobis architecto officia culpa. Autem voluptatem odio nesciunt magni dolorum distinctio.', '1998-11-01 14:27:50', '2010-11-20 05:38:32');
INSERT INTO `messages` (`id`, `from_user_id`, `to_user_id`, `body`, `created_at`, `updated_at`) VALUES (95, 3, 1, 'Ut explicabo sed voluptas. Totam aut nulla omnis rerum.', '1972-07-04 21:24:59', '1992-03-30 19:21:53');
INSERT INTO `messages` (`id`, `from_user_id`, `to_user_id`, `body`, `created_at`, `updated_at`) VALUES (96, 1, 9, 'Quia aut eum a libero aut cum temporibus. Consequatur adipisci et ex accusantium. Esse nisi blanditiis ut vel. Aliquam sunt cupiditate eos enim et facere sed.', '2018-02-15 06:46:19', '1996-05-23 20:55:29');
INSERT INTO `messages` (`id`, `from_user_id`, `to_user_id`, `body`, `created_at`, `updated_at`) VALUES (97, 9, 9, 'Quidem voluptatem quod dolor eum voluptas. Soluta aut accusantium atque dolor voluptas illo sunt. Dolor dolorum ea laudantium eum vitae possimus enim hic. Magnam dolore aut voluptatibus et ut dolorem.', '2010-12-28 22:13:44', '2015-10-24 21:08:48');
INSERT INTO `messages` (`id`, `from_user_id`, `to_user_id`, `body`, `created_at`, `updated_at`) VALUES (98, 6, 6, 'Explicabo asperiores eum aut voluptatibus. Enim mollitia ex aut consectetur sunt. Distinctio libero quia aut ut. Ducimus vel ut odio tempora modi quia.', '1970-07-20 23:32:27', '1979-12-29 05:54:57');
INSERT INTO `messages` (`id`, `from_user_id`, `to_user_id`, `body`, `created_at`, `updated_at`) VALUES (99, 6, 9, 'Ut sequi et enim dignissimos eos culpa. Vero nulla laboriosam provident laborum sit sit voluptas. Excepturi fugit blanditiis veritatis iure voluptatum cum qui beatae. Qui inventore tempore minus ut.', '2019-03-03 00:00:00', '2020-07-21 00:01:50');
INSERT INTO `messages` (`id`, `from_user_id`, `to_user_id`, `body`, `created_at`, `updated_at`) VALUES (100, 2, 2, 'Et velit aut adipisci et doloribus. Voluptatum et consequatur necessitatibus aut. Corrupti voluptatem reiciendis qui rerum magni rerum. Provident ea non eos.', '2006-07-18 08:15:51', '1997-09-17 04:19:26');


INSERT INTO `profiles` (`id`, `user_id`, `scores`, `money`, `experience`, `created_at`, `updated_at`) VALUES (1, 1, 1, 1, 5, '2015-01-19 21:48:07', '1983-01-10 21:38:05');
INSERT INTO `profiles` (`id`, `user_id`, `scores`, `money`, `experience`, `created_at`, `updated_at`) VALUES (2, 2, 2, 0, 6, '1975-12-31 12:31:26', '1987-10-09 23:18:25');
INSERT INTO `profiles` (`id`, `user_id`, `scores`, `money`, `experience`, `created_at`, `updated_at`) VALUES (3, 3, 4, 1, 9, '1987-02-09 11:35:27', '1987-02-24 14:27:41');
INSERT INTO `profiles` (`id`, `user_id`, `scores`, `money`, `experience`, `created_at`, `updated_at`) VALUES (4, 4, 0, 1, 0, '1970-10-09 15:27:03', '1997-07-21 23:17:39');
INSERT INTO `profiles` (`id`, `user_id`, `scores`, `money`, `experience`, `created_at`, `updated_at`) VALUES (5, 5, 2, 1, 3, '2017-11-12 04:58:19', '1992-12-17 08:46:32');
INSERT INTO `profiles` (`id`, `user_id`, `scores`, `money`, `experience`, `created_at`, `updated_at`) VALUES (6, 6, 8, 2, 2, '1992-02-06 09:02:15', '1993-04-24 15:49:47');
INSERT INTO `profiles` (`id`, `user_id`, `scores`, `money`, `experience`, `created_at`, `updated_at`) VALUES (7, 7, 6, 4, 3, '2001-11-03 01:54:56', '1998-02-07 21:43:41');
INSERT INTO `profiles` (`id`, `user_id`, `scores`, `money`, `experience`, `created_at`, `updated_at`) VALUES (8, 8, 3, 5, 0, '2011-12-31 14:19:16', '1980-10-17 17:15:02');
INSERT INTO `profiles` (`id`, `user_id`, `scores`, `money`, `experience`, `created_at`, `updated_at`) VALUES (9, 9, 4, 6, 2, '1984-08-12 16:59:27', '1974-12-12 03:30:24');
INSERT INTO `profiles` (`id`, `user_id`, `scores`, `money`, `experience`, `created_at`, `updated_at`) VALUES (10, 10, 1, 1, 2, '2010-09-08 19:27:37', '1990-01-07 18:52:32');
INSERT INTO `profiles` (`id`, `user_id`, `scores`, `money`, `experience`, `created_at`, `updated_at`) VALUES (11, 11, 3, 7, 8, '1971-11-29 18:24:06', '2007-10-01 13:10:53');
INSERT INTO `profiles` (`id`, `user_id`, `scores`, `money`, `experience`, `created_at`, `updated_at`) VALUES (12, 12, 6, 4, 7, '1979-02-16 13:07:01', '1990-10-04 14:27:54');
INSERT INTO `profiles` (`id`, `user_id`, `scores`, `money`, `experience`, `created_at`, `updated_at`) VALUES (13, 13, 1, 3, 0, '1982-07-28 22:54:36', '2011-06-10 07:22:42');
INSERT INTO `profiles` (`id`, `user_id`, `scores`, `money`, `experience`, `created_at`, `updated_at`) VALUES (14, 14, 8, 6, 7, '1994-05-03 02:03:46', '2005-09-10 13:11:33');
INSERT INTO `profiles` (`id`, `user_id`, `scores`, `money`, `experience`, `created_at`, `updated_at`) VALUES (15, 15, 5, 5, 2, '2006-12-15 17:41:50', '2011-12-27 17:36:43');
INSERT INTO `profiles` (`id`, `user_id`, `scores`, `money`, `experience`, `created_at`, `updated_at`) VALUES (16, 16, 4, 4, 2, '1979-10-28 03:15:50', '1986-01-23 11:52:25');
INSERT INTO `profiles` (`id`, `user_id`, `scores`, `money`, `experience`, `created_at`, `updated_at`) VALUES (17, 17, 3, 5, 1, '1980-04-12 22:15:46', '1980-11-24 09:24:52');
INSERT INTO `profiles` (`id`, `user_id`, `scores`, `money`, `experience`, `created_at`, `updated_at`) VALUES (18, 18, 6, 9, 3, '2020-03-12 00:41:35', '2013-05-05 00:11:04');
INSERT INTO `profiles` (`id`, `user_id`, `scores`, `money`, `experience`, `created_at`, `updated_at`) VALUES (19, 19, 9, 1, 7, '1985-04-01 07:23:15', '2008-03-20 11:08:57');
INSERT INTO `profiles` (`id`, `user_id`, `scores`, `money`, `experience`, `created_at`, `updated_at`) VALUES (20, 20, 5, 5, 2, '2017-02-17 15:14:44', '2012-01-27 20:54:13');
INSERT INTO `profiles` (`id`, `user_id`, `scores`, `money`, `experience`, `created_at`, `updated_at`) VALUES (21, 21, 9, 0, 4, '1994-01-02 19:38:31', '1996-01-19 05:06:09');
INSERT INTO `profiles` (`id`, `user_id`, `scores`, `money`, `experience`, `created_at`, `updated_at`) VALUES (22, 22, 8, 8, 7, '1976-01-07 21:13:15', '2014-07-02 17:15:42');
INSERT INTO `profiles` (`id`, `user_id`, `scores`, `money`, `experience`, `created_at`, `updated_at`) VALUES (23, 23, 1, 8, 8, '1991-09-30 18:38:23', '1981-12-26 22:15:33');
INSERT INTO `profiles` (`id`, `user_id`, `scores`, `money`, `experience`, `created_at`, `updated_at`) VALUES (24, 24, 9, 9, 2, '2000-10-24 09:45:11', '2004-06-16 00:56:16');
INSERT INTO `profiles` (`id`, `user_id`, `scores`, `money`, `experience`, `created_at`, `updated_at`) VALUES (25, 25, 2, 8, 3, '2004-09-05 03:28:06', '1995-05-10 14:57:33');
INSERT INTO `profiles` (`id`, `user_id`, `scores`, `money`, `experience`, `created_at`, `updated_at`) VALUES (26, 26, 9, 4, 3, '1981-08-30 14:14:23', '1989-10-08 06:57:06');
INSERT INTO `profiles` (`id`, `user_id`, `scores`, `money`, `experience`, `created_at`, `updated_at`) VALUES (27, 27, 9, 2, 6, '2006-04-21 22:34:38', '2008-08-21 15:21:12');
INSERT INTO `profiles` (`id`, `user_id`, `scores`, `money`, `experience`, `created_at`, `updated_at`) VALUES (28, 28, 5, 3, 8, '2002-07-03 19:10:10', '1993-04-17 10:16:32');
INSERT INTO `profiles` (`id`, `user_id`, `scores`, `money`, `experience`, `created_at`, `updated_at`) VALUES (29, 29, 4, 1, 9, '1974-04-23 00:35:54', '1976-09-28 16:54:40');
INSERT INTO `profiles` (`id`, `user_id`, `scores`, `money`, `experience`, `created_at`, `updated_at`) VALUES (30, 30, 3, 8, 7, '1976-11-13 04:44:12', '1992-01-11 13:39:04');
INSERT INTO `profiles` (`id`, `user_id`, `scores`, `money`, `experience`, `created_at`, `updated_at`) VALUES (31, 31, 4, 5, 7, '1994-10-03 18:56:44', '1997-09-29 09:29:23');
INSERT INTO `profiles` (`id`, `user_id`, `scores`, `money`, `experience`, `created_at`, `updated_at`) VALUES (32, 32, 0, 4, 6, '2011-07-31 03:56:27', '1985-07-08 02:28:47');
INSERT INTO `profiles` (`id`, `user_id`, `scores`, `money`, `experience`, `created_at`, `updated_at`) VALUES (33, 33, 1, 1, 9, '1993-09-25 02:34:36', '1986-01-07 04:36:59');
INSERT INTO `profiles` (`id`, `user_id`, `scores`, `money`, `experience`, `created_at`, `updated_at`) VALUES (34, 34, 3, 6, 9, '1995-03-11 13:32:12', '2002-03-21 02:14:08');
INSERT INTO `profiles` (`id`, `user_id`, `scores`, `money`, `experience`, `created_at`, `updated_at`) VALUES (35, 35, 6, 5, 2, '1972-09-03 09:37:43', '1982-03-16 04:45:50');
INSERT INTO `profiles` (`id`, `user_id`, `scores`, `money`, `experience`, `created_at`, `updated_at`) VALUES (36, 36, 4, 1, 5, '2013-06-20 03:21:25', '1996-02-07 13:35:06');
INSERT INTO `profiles` (`id`, `user_id`, `scores`, `money`, `experience`, `created_at`, `updated_at`) VALUES (37, 37, 3, 2, 4, '1995-08-06 05:19:29', '2007-10-25 03:15:19');
INSERT INTO `profiles` (`id`, `user_id`, `scores`, `money`, `experience`, `created_at`, `updated_at`) VALUES (38, 38, 4, 4, 0, '2006-08-31 10:15:05', '2010-08-09 10:14:38');
INSERT INTO `profiles` (`id`, `user_id`, `scores`, `money`, `experience`, `created_at`, `updated_at`) VALUES (39, 39, 5, 9, 5, '1987-07-19 11:35:29', '2019-03-03 03:30:22');
INSERT INTO `profiles` (`id`, `user_id`, `scores`, `money`, `experience`, `created_at`, `updated_at`) VALUES (40, 40, 4, 0, 6, '2005-10-27 06:07:19', '2011-03-27 03:38:39');
INSERT INTO `profiles` (`id`, `user_id`, `scores`, `money`, `experience`, `created_at`, `updated_at`) VALUES (41, 41, 7, 9, 6, '1993-03-28 01:02:55', '2005-12-23 17:42:14');
INSERT INTO `profiles` (`id`, `user_id`, `scores`, `money`, `experience`, `created_at`, `updated_at`) VALUES (42, 42, 5, 7, 7, '2018-10-21 16:52:10', '1983-09-17 09:24:20');
INSERT INTO `profiles` (`id`, `user_id`, `scores`, `money`, `experience`, `created_at`, `updated_at`) VALUES (43, 43, 2, 5, 4, '1995-04-21 20:35:35', '2004-08-07 04:29:44');
INSERT INTO `profiles` (`id`, `user_id`, `scores`, `money`, `experience`, `created_at`, `updated_at`) VALUES (44, 44, 7, 5, 2, '1982-02-13 19:26:17', '2000-02-03 03:17:13');
INSERT INTO `profiles` (`id`, `user_id`, `scores`, `money`, `experience`, `created_at`, `updated_at`) VALUES (45, 45, 1, 2, 5, '1998-08-20 01:36:26', '2010-09-25 07:35:20');
INSERT INTO `profiles` (`id`, `user_id`, `scores`, `money`, `experience`, `created_at`, `updated_at`) VALUES (46, 46, 2, 2, 3, '2000-04-18 01:57:16', '2010-09-05 08:17:04');
INSERT INTO `profiles` (`id`, `user_id`, `scores`, `money`, `experience`, `created_at`, `updated_at`) VALUES (47, 47, 0, 4, 7, '2016-05-24 10:29:04', '2015-01-17 00:33:58');
INSERT INTO `profiles` (`id`, `user_id`, `scores`, `money`, `experience`, `created_at`, `updated_at`) VALUES (48, 48, 2, 2, 5, '1984-09-28 00:05:46', '1993-05-02 12:48:34');
INSERT INTO `profiles` (`id`, `user_id`, `scores`, `money`, `experience`, `created_at`, `updated_at`) VALUES (49, 49, 3, 1, 8, '2015-04-04 01:39:17', '1980-07-28 23:14:15');
INSERT INTO `profiles` (`id`, `user_id`, `scores`, `money`, `experience`, `created_at`, `updated_at`) VALUES (50, 50, 5, 0, 3, '1997-11-02 14:17:14', '1991-07-12 06:37:09');
INSERT INTO `profiles` (`id`, `user_id`, `scores`, `money`, `experience`, `created_at`, `updated_at`) VALUES (51, 51, 0, 7, 4, '1978-08-30 12:59:14', '2008-03-29 10:11:00');
INSERT INTO `profiles` (`id`, `user_id`, `scores`, `money`, `experience`, `created_at`, `updated_at`) VALUES (52, 52, 5, 4, 0, '1986-06-13 18:29:20', '1979-05-28 09:29:25');
INSERT INTO `profiles` (`id`, `user_id`, `scores`, `money`, `experience`, `created_at`, `updated_at`) VALUES (53, 53, 4, 0, 6, '1976-07-03 21:18:35', '1976-08-25 02:54:25');
INSERT INTO `profiles` (`id`, `user_id`, `scores`, `money`, `experience`, `created_at`, `updated_at`) VALUES (54, 54, 2, 0, 0, '1992-08-04 12:30:49', '2018-09-03 16:33:48');
INSERT INTO `profiles` (`id`, `user_id`, `scores`, `money`, `experience`, `created_at`, `updated_at`) VALUES (55, 55, 2, 1, 6, '2012-06-24 13:38:05', '1980-01-05 04:18:06');
INSERT INTO `profiles` (`id`, `user_id`, `scores`, `money`, `experience`, `created_at`, `updated_at`) VALUES (56, 56, 4, 2, 0, '1972-10-21 05:28:14', '1995-10-28 04:12:48');
INSERT INTO `profiles` (`id`, `user_id`, `scores`, `money`, `experience`, `created_at`, `updated_at`) VALUES (57, 57, 5, 9, 7, '2014-08-23 10:12:52', '1980-08-16 22:13:40');
INSERT INTO `profiles` (`id`, `user_id`, `scores`, `money`, `experience`, `created_at`, `updated_at`) VALUES (58, 58, 1, 3, 2, '1977-10-06 05:54:45', '2007-02-13 02:40:12');
INSERT INTO `profiles` (`id`, `user_id`, `scores`, `money`, `experience`, `created_at`, `updated_at`) VALUES (59, 59, 6, 0, 1, '1989-04-01 16:23:03', '2000-03-11 18:16:59');
INSERT INTO `profiles` (`id`, `user_id`, `scores`, `money`, `experience`, `created_at`, `updated_at`) VALUES (60, 60, 2, 3, 3, '1975-06-18 03:23:41', '2000-01-10 20:12:47');
INSERT INTO `profiles` (`id`, `user_id`, `scores`, `money`, `experience`, `created_at`, `updated_at`) VALUES (61, 61, 6, 3, 5, '1993-05-21 21:04:47', '1973-11-23 00:31:17');
INSERT INTO `profiles` (`id`, `user_id`, `scores`, `money`, `experience`, `created_at`, `updated_at`) VALUES (62, 62, 9, 5, 6, '1975-08-28 18:40:57', '1978-09-25 21:42:15');
INSERT INTO `profiles` (`id`, `user_id`, `scores`, `money`, `experience`, `created_at`, `updated_at`) VALUES (63, 63, 5, 1, 6, '2007-09-05 08:13:43', '2014-04-27 03:33:51');
INSERT INTO `profiles` (`id`, `user_id`, `scores`, `money`, `experience`, `created_at`, `updated_at`) VALUES (64, 64, 3, 6, 5, '1977-05-24 06:39:46', '2019-05-22 05:58:34');
INSERT INTO `profiles` (`id`, `user_id`, `scores`, `money`, `experience`, `created_at`, `updated_at`) VALUES (65, 65, 2, 3, 9, '2001-04-17 17:55:08', '2020-04-20 09:43:49');
INSERT INTO `profiles` (`id`, `user_id`, `scores`, `money`, `experience`, `created_at`, `updated_at`) VALUES (66, 66, 2, 7, 4, '1977-06-10 18:16:09', '1976-08-15 03:13:01');
INSERT INTO `profiles` (`id`, `user_id`, `scores`, `money`, `experience`, `created_at`, `updated_at`) VALUES (67, 67, 2, 3, 2, '2015-09-03 00:07:11', '2004-11-14 09:23:08');
INSERT INTO `profiles` (`id`, `user_id`, `scores`, `money`, `experience`, `created_at`, `updated_at`) VALUES (68, 68, 2, 1, 4, '2009-12-25 19:50:10', '1982-06-20 06:11:07');
INSERT INTO `profiles` (`id`, `user_id`, `scores`, `money`, `experience`, `created_at`, `updated_at`) VALUES (69, 69, 9, 4, 5, '1987-11-26 12:18:53', '1976-11-02 18:02:24');
INSERT INTO `profiles` (`id`, `user_id`, `scores`, `money`, `experience`, `created_at`, `updated_at`) VALUES (70, 70, 9, 3, 7, '2000-02-09 22:48:44', '1997-03-25 23:16:02');
INSERT INTO `profiles` (`id`, `user_id`, `scores`, `money`, `experience`, `created_at`, `updated_at`) VALUES (71, 71, 6, 7, 1, '2004-01-21 22:33:38', '2009-09-17 01:08:03');
INSERT INTO `profiles` (`id`, `user_id`, `scores`, `money`, `experience`, `created_at`, `updated_at`) VALUES (72, 72, 9, 4, 7, '1980-04-01 20:13:27', '1984-02-12 06:35:52');
INSERT INTO `profiles` (`id`, `user_id`, `scores`, `money`, `experience`, `created_at`, `updated_at`) VALUES (73, 73, 2, 8, 2, '2020-09-05 15:51:48', '1990-04-20 00:15:45');
INSERT INTO `profiles` (`id`, `user_id`, `scores`, `money`, `experience`, `created_at`, `updated_at`) VALUES (74, 74, 4, 1, 8, '1988-07-17 06:28:52', '1971-02-22 15:58:13');
INSERT INTO `profiles` (`id`, `user_id`, `scores`, `money`, `experience`, `created_at`, `updated_at`) VALUES (75, 75, 9, 3, 5, '1993-10-07 02:56:59', '1991-03-30 07:10:16');
INSERT INTO `profiles` (`id`, `user_id`, `scores`, `money`, `experience`, `created_at`, `updated_at`) VALUES (76, 76, 2, 5, 6, '1982-06-11 07:26:15', '1973-12-15 06:54:53');
INSERT INTO `profiles` (`id`, `user_id`, `scores`, `money`, `experience`, `created_at`, `updated_at`) VALUES (77, 77, 7, 8, 9, '2020-06-26 20:58:26', '2008-06-28 00:30:02');
INSERT INTO `profiles` (`id`, `user_id`, `scores`, `money`, `experience`, `created_at`, `updated_at`) VALUES (78, 78, 3, 8, 2, '1998-12-22 23:26:57', '1997-07-25 10:06:29');
INSERT INTO `profiles` (`id`, `user_id`, `scores`, `money`, `experience`, `created_at`, `updated_at`) VALUES (79, 79, 1, 0, 3, '2015-01-21 11:58:25', '2005-12-18 18:07:16');
INSERT INTO `profiles` (`id`, `user_id`, `scores`, `money`, `experience`, `created_at`, `updated_at`) VALUES (80, 80, 3, 5, 7, '1999-12-25 02:40:47', '2008-07-10 18:57:31');
INSERT INTO `profiles` (`id`, `user_id`, `scores`, `money`, `experience`, `created_at`, `updated_at`) VALUES (81, 81, 5, 7, 1, '1988-02-03 06:26:05', '2010-01-07 09:28:34');
INSERT INTO `profiles` (`id`, `user_id`, `scores`, `money`, `experience`, `created_at`, `updated_at`) VALUES (82, 82, 6, 0, 1, '2017-03-12 18:08:12', '1996-01-24 00:21:40');
INSERT INTO `profiles` (`id`, `user_id`, `scores`, `money`, `experience`, `created_at`, `updated_at`) VALUES (83, 83, 5, 0, 5, '2004-03-30 05:56:48', '2005-06-24 02:39:26');
INSERT INTO `profiles` (`id`, `user_id`, `scores`, `money`, `experience`, `created_at`, `updated_at`) VALUES (84, 84, 5, 2, 0, '2017-06-10 12:20:23', '2000-03-04 09:57:06');
INSERT INTO `profiles` (`id`, `user_id`, `scores`, `money`, `experience`, `created_at`, `updated_at`) VALUES (85, 85, 5, 8, 7, '2016-12-05 07:48:46', '2015-01-06 03:41:18');
INSERT INTO `profiles` (`id`, `user_id`, `scores`, `money`, `experience`, `created_at`, `updated_at`) VALUES (86, 86, 0, 4, 1, '2009-07-29 09:43:15', '2015-01-31 02:42:47');
INSERT INTO `profiles` (`id`, `user_id`, `scores`, `money`, `experience`, `created_at`, `updated_at`) VALUES (87, 87, 4, 5, 5, '2000-09-19 17:06:32', '2004-04-29 19:05:07');
INSERT INTO `profiles` (`id`, `user_id`, `scores`, `money`, `experience`, `created_at`, `updated_at`) VALUES (88, 88, 0, 0, 8, '1994-05-15 19:49:17', '2009-01-18 07:38:01');
INSERT INTO `profiles` (`id`, `user_id`, `scores`, `money`, `experience`, `created_at`, `updated_at`) VALUES (89, 89, 2, 4, 5, '1987-02-27 01:47:35', '1981-06-02 18:20:27');
INSERT INTO `profiles` (`id`, `user_id`, `scores`, `money`, `experience`, `created_at`, `updated_at`) VALUES (90, 90, 8, 1, 4, '2019-11-26 23:23:11', '1980-09-03 13:06:50');
INSERT INTO `profiles` (`id`, `user_id`, `scores`, `money`, `experience`, `created_at`, `updated_at`) VALUES (91, 91, 8, 2, 3, '1972-05-13 17:23:15', '1977-09-29 03:43:34');
INSERT INTO `profiles` (`id`, `user_id`, `scores`, `money`, `experience`, `created_at`, `updated_at`) VALUES (92, 92, 5, 6, 2, '1996-03-02 15:20:19', '2002-01-17 04:41:57');
INSERT INTO `profiles` (`id`, `user_id`, `scores`, `money`, `experience`, `created_at`, `updated_at`) VALUES (93, 93, 4, 5, 4, '1987-09-26 17:48:55', '1990-09-16 01:19:39');
INSERT INTO `profiles` (`id`, `user_id`, `scores`, `money`, `experience`, `created_at`, `updated_at`) VALUES (94, 94, 7, 6, 9, '1993-06-14 12:40:55', '1982-07-07 20:22:30');
INSERT INTO `profiles` (`id`, `user_id`, `scores`, `money`, `experience`, `created_at`, `updated_at`) VALUES (95, 95, 2, 6, 2, '2018-06-19 06:35:18', '2000-05-22 19:29:12');
INSERT INTO `profiles` (`id`, `user_id`, `scores`, `money`, `experience`, `created_at`, `updated_at`) VALUES (96, 96, 9, 7, 1, '2008-12-06 23:24:33', '2013-11-25 02:40:09');
INSERT INTO `profiles` (`id`, `user_id`, `scores`, `money`, `experience`, `created_at`, `updated_at`) VALUES (97, 97, 2, 0, 6, '2018-08-10 01:56:13', '1977-03-05 17:45:41');
INSERT INTO `profiles` (`id`, `user_id`, `scores`, `money`, `experience`, `created_at`, `updated_at`) VALUES (98, 98, 0, 6, 8, '2014-12-29 05:37:27', '1990-11-26 14:27:36');
INSERT INTO `profiles` (`id`, `user_id`, `scores`, `money`, `experience`, `created_at`, `updated_at`) VALUES (99, 99, 1, 9, 3, '1971-10-13 11:58:24', '1993-05-31 23:54:46');
INSERT INTO `profiles` (`id`, `user_id`, `scores`, `money`, `experience`, `created_at`, `updated_at`) VALUES (100, 100, 0, 1, 0, '1995-04-05 18:00:34', '2010-12-21 06:01:14');





INSERT INTO `runs_history` (`id`, `run_type`, `dictionary_id`, `created_at`, `closed_at`) VALUES (1, '4', '1', '2006-09-28 09:07:28', '1974-12-05 15:17:02');
INSERT INTO `runs_history` (`id`, `run_type`, `dictionary_id`, `created_at`, `closed_at`) VALUES (2, '5', '2', '1982-04-16 20:22:40', '2011-10-03 06:27:13');
INSERT INTO `runs_history` (`id`, `run_type`, `dictionary_id`, `created_at`, `closed_at`) VALUES (3, '7', '3', '1981-06-27 23:56:52', '1994-04-29 20:16:23');
INSERT INTO `runs_history` (`id`, `run_type`, `dictionary_id`, `created_at`, `closed_at`) VALUES (4, '7', '4', '1999-04-11 23:12:36', '1985-07-12 04:06:27');
INSERT INTO `runs_history` (`id`, `run_type`, `dictionary_id`, `created_at`, `closed_at`) VALUES (5, '', '5', '1980-12-30 01:31:13', '1980-12-27 04:32:03');
INSERT INTO `runs_history` (`id`, `run_type`, `dictionary_id`, `created_at`, `closed_at`) VALUES (6, '1', '6', '1989-01-10 01:18:05', '1988-07-23 13:17:21');
INSERT INTO `runs_history` (`id`, `run_type`, `dictionary_id`, `created_at`, `closed_at`) VALUES (7, '5', '7', '2010-06-06 06:15:50', '2008-02-29 07:04:24');
INSERT INTO `runs_history` (`id`, `run_type`, `dictionary_id`, `created_at`, `closed_at`) VALUES (8, '9', '8', '2001-03-24 01:51:05', '1974-11-19 13:37:42');
INSERT INTO `runs_history` (`id`, `run_type`, `dictionary_id`, `created_at`, `closed_at`) VALUES (9, '', '9', '1973-02-18 11:46:31', '1979-12-14 18:56:17');
INSERT INTO `runs_history` (`id`, `run_type`, `dictionary_id`, `created_at`, `closed_at`) VALUES (10, '5', '10', '1974-11-08 08:52:20', '2020-10-19 06:25:59');
INSERT INTO `runs_history` (`id`, `run_type`, `dictionary_id`, `created_at`, `closed_at`) VALUES (11, '5', '11', '1979-05-10 03:06:33', '2020-03-02 21:23:29');
INSERT INTO `runs_history` (`id`, `run_type`, `dictionary_id`, `created_at`, `closed_at`) VALUES (12, '4', '12', '2006-04-29 13:00:35', '1975-11-29 19:06:44');
INSERT INTO `runs_history` (`id`, `run_type`, `dictionary_id`, `created_at`, `closed_at`) VALUES (13, '3', '13', '2020-02-26 04:20:29', '2008-07-08 19:19:43');
INSERT INTO `runs_history` (`id`, `run_type`, `dictionary_id`, `created_at`, `closed_at`) VALUES (14, '9', '14', '1976-08-09 05:33:44', '2010-09-26 18:12:19');
INSERT INTO `runs_history` (`id`, `run_type`, `dictionary_id`, `created_at`, `closed_at`) VALUES (15, '2', '15', '1970-06-20 12:08:14', '1993-06-08 21:03:45');
INSERT INTO `runs_history` (`id`, `run_type`, `dictionary_id`, `created_at`, `closed_at`) VALUES (16, '1', '16', '1992-11-26 20:08:08', '2014-12-12 23:16:55');
INSERT INTO `runs_history` (`id`, `run_type`, `dictionary_id`, `created_at`, `closed_at`) VALUES (17, '4', '17', '2000-11-25 17:49:43', '1995-09-19 22:45:45');
INSERT INTO `runs_history` (`id`, `run_type`, `dictionary_id`, `created_at`, `closed_at`) VALUES (18, '2', '18', '1999-04-28 11:29:38', '2005-04-09 05:08:18');
INSERT INTO `runs_history` (`id`, `run_type`, `dictionary_id`, `created_at`, `closed_at`) VALUES (19, '9', '19', '2012-11-13 13:22:58', '2000-08-14 17:03:51');
INSERT INTO `runs_history` (`id`, `run_type`, `dictionary_id`, `created_at`, `closed_at`) VALUES (20, '7', '20', '1996-08-11 12:14:41', '1981-01-18 21:22:17');
INSERT INTO `runs_history` (`id`, `run_type`, `dictionary_id`, `created_at`, `closed_at`) VALUES (21, '7', '21', '2014-08-23 04:28:28', '2013-07-13 18:11:37');
INSERT INTO `runs_history` (`id`, `run_type`, `dictionary_id`, `created_at`, `closed_at`) VALUES (22, '', '22', '1982-12-16 12:45:14', '1972-08-18 23:11:13');
INSERT INTO `runs_history` (`id`, `run_type`, `dictionary_id`, `created_at`, `closed_at`) VALUES (23, '7', '23', '1983-06-21 22:43:33', '1990-11-17 16:42:58');
INSERT INTO `runs_history` (`id`, `run_type`, `dictionary_id`, `created_at`, `closed_at`) VALUES (24, '6', '24', '1979-06-05 06:36:13', '2010-09-26 03:55:54');
INSERT INTO `runs_history` (`id`, `run_type`, `dictionary_id`, `created_at`, `closed_at`) VALUES (25, '7', '25', '1985-06-10 16:53:05', '2008-01-22 07:09:47');
INSERT INTO `runs_history` (`id`, `run_type`, `dictionary_id`, `created_at`, `closed_at`) VALUES (26, '1', '26', '1991-05-27 19:59:11', '1980-09-12 04:28:31');
INSERT INTO `runs_history` (`id`, `run_type`, `dictionary_id`, `created_at`, `closed_at`) VALUES (27, '4', '27', '1989-02-22 09:28:47', '1988-08-14 08:28:11');
INSERT INTO `runs_history` (`id`, `run_type`, `dictionary_id`, `created_at`, `closed_at`) VALUES (28, '', '28', '1999-12-17 01:21:29', '2019-06-19 22:25:47');
INSERT INTO `runs_history` (`id`, `run_type`, `dictionary_id`, `created_at`, `closed_at`) VALUES (29, '', '29', '2004-11-06 18:14:12', '1992-03-20 18:07:46');
INSERT INTO `runs_history` (`id`, `run_type`, `dictionary_id`, `created_at`, `closed_at`) VALUES (30, '4', '30', '2002-12-20 23:27:25', '1985-06-08 04:16:48');
INSERT INTO `runs_history` (`id`, `run_type`, `dictionary_id`, `created_at`, `closed_at`) VALUES (31, '3', '31', '2001-11-07 04:12:30', '2009-04-08 09:58:00');
INSERT INTO `runs_history` (`id`, `run_type`, `dictionary_id`, `created_at`, `closed_at`) VALUES (32, '8', '32', '2015-09-09 01:06:32', '1988-10-29 18:55:05');
INSERT INTO `runs_history` (`id`, `run_type`, `dictionary_id`, `created_at`, `closed_at`) VALUES (33, '7', '33', '1973-05-15 22:21:09', '1988-12-17 06:56:30');
INSERT INTO `runs_history` (`id`, `run_type`, `dictionary_id`, `created_at`, `closed_at`) VALUES (34, '8', '34', '1996-02-04 04:23:59', '2020-12-04 11:39:44');
INSERT INTO `runs_history` (`id`, `run_type`, `dictionary_id`, `created_at`, `closed_at`) VALUES (35, '3', '35', '2008-08-23 15:29:00', '1984-11-17 09:11:24');
INSERT INTO `runs_history` (`id`, `run_type`, `dictionary_id`, `created_at`, `closed_at`) VALUES (36, '8', '36', '1990-08-28 21:27:12', '1989-12-02 21:22:48');
INSERT INTO `runs_history` (`id`, `run_type`, `dictionary_id`, `created_at`, `closed_at`) VALUES (37, '9', '37', '1996-03-08 22:53:00', '1971-12-19 22:46:44');
INSERT INTO `runs_history` (`id`, `run_type`, `dictionary_id`, `created_at`, `closed_at`) VALUES (38, '3', '38', '1986-07-31 03:26:24', '1972-09-20 00:23:53');
INSERT INTO `runs_history` (`id`, `run_type`, `dictionary_id`, `created_at`, `closed_at`) VALUES (39, '7', '39', '1994-08-10 15:35:12', '1989-03-11 02:05:44');
INSERT INTO `runs_history` (`id`, `run_type`, `dictionary_id`, `created_at`, `closed_at`) VALUES (40, '9', '40', '1980-11-13 09:23:10', '1983-08-27 07:22:47');
INSERT INTO `runs_history` (`id`, `run_type`, `dictionary_id`, `created_at`, `closed_at`) VALUES (41, '2', '41', '2016-05-06 10:51:53', '1983-11-11 16:20:29');
INSERT INTO `runs_history` (`id`, `run_type`, `dictionary_id`, `created_at`, `closed_at`) VALUES (42, '7', '42', '1972-09-11 05:17:41', '1975-03-03 07:22:03');
INSERT INTO `runs_history` (`id`, `run_type`, `dictionary_id`, `created_at`, `closed_at`) VALUES (43, '3', '43', '2018-09-10 02:54:16', '1984-06-09 16:29:03');
INSERT INTO `runs_history` (`id`, `run_type`, `dictionary_id`, `created_at`, `closed_at`) VALUES (44, '7', '44', '1989-11-28 16:35:52', '1974-08-27 01:31:29');
INSERT INTO `runs_history` (`id`, `run_type`, `dictionary_id`, `created_at`, `closed_at`) VALUES (45, '5', '45', '2005-04-17 22:44:00', '2018-05-25 13:44:22');
INSERT INTO `runs_history` (`id`, `run_type`, `dictionary_id`, `created_at`, `closed_at`) VALUES (46, '3', '46', '2005-12-11 08:50:35', '1981-05-07 18:31:59');
INSERT INTO `runs_history` (`id`, `run_type`, `dictionary_id`, `created_at`, `closed_at`) VALUES (47, '1', '47', '1998-04-23 02:12:12', '1977-05-15 21:47:16');
INSERT INTO `runs_history` (`id`, `run_type`, `dictionary_id`, `created_at`, `closed_at`) VALUES (48, '', '48', '1994-03-12 15:36:46', '1984-09-02 00:38:07');
INSERT INTO `runs_history` (`id`, `run_type`, `dictionary_id`, `created_at`, `closed_at`) VALUES (49, '2', '49', '1993-05-29 04:09:24', '1996-01-31 07:44:40');
INSERT INTO `runs_history` (`id`, `run_type`, `dictionary_id`, `created_at`, `closed_at`) VALUES (50, '4', '50', '2004-12-12 13:36:02', '1977-07-26 11:10:22');
INSERT INTO `runs_history` (`id`, `run_type`, `dictionary_id`, `created_at`, `closed_at`) VALUES (51, '8', '51', '2004-12-04 23:02:24', '2012-10-06 03:00:44');
INSERT INTO `runs_history` (`id`, `run_type`, `dictionary_id`, `created_at`, `closed_at`) VALUES (52, '8', '52', '1972-01-15 03:58:37', '1991-10-26 09:03:54');
INSERT INTO `runs_history` (`id`, `run_type`, `dictionary_id`, `created_at`, `closed_at`) VALUES (53, '', '53', '2016-08-28 05:58:09', '2011-03-28 05:46:00');
INSERT INTO `runs_history` (`id`, `run_type`, `dictionary_id`, `created_at`, `closed_at`) VALUES (54, '9', '54', '1984-09-12 20:11:30', '1997-11-22 05:40:14');
INSERT INTO `runs_history` (`id`, `run_type`, `dictionary_id`, `created_at`, `closed_at`) VALUES (55, '6', '55', '1995-02-15 06:51:06', '1993-04-22 09:47:16');
INSERT INTO `runs_history` (`id`, `run_type`, `dictionary_id`, `created_at`, `closed_at`) VALUES (56, '5', '56', '1972-06-20 01:29:18', '2000-02-05 11:34:25');
INSERT INTO `runs_history` (`id`, `run_type`, `dictionary_id`, `created_at`, `closed_at`) VALUES (57, '9', '57', '2003-07-07 22:30:39', '1977-07-03 03:18:23');
INSERT INTO `runs_history` (`id`, `run_type`, `dictionary_id`, `created_at`, `closed_at`) VALUES (58, '2', '58', '1971-06-04 22:41:55', '2012-12-21 19:43:02');
INSERT INTO `runs_history` (`id`, `run_type`, `dictionary_id`, `created_at`, `closed_at`) VALUES (59, '', '59', '1998-01-02 23:44:53', '2010-04-02 21:33:01');
INSERT INTO `runs_history` (`id`, `run_type`, `dictionary_id`, `created_at`, `closed_at`) VALUES (60, '4', '60', '1986-06-18 02:29:49', '1985-11-09 17:37:28');
INSERT INTO `runs_history` (`id`, `run_type`, `dictionary_id`, `created_at`, `closed_at`) VALUES (61, '6', '61', '2014-11-30 14:54:32', '1993-12-22 06:13:54');
INSERT INTO `runs_history` (`id`, `run_type`, `dictionary_id`, `created_at`, `closed_at`) VALUES (62, '', '62', '1992-04-02 12:41:16', '1992-12-04 19:45:04');
INSERT INTO `runs_history` (`id`, `run_type`, `dictionary_id`, `created_at`, `closed_at`) VALUES (63, '5', '63', '1973-04-18 17:58:58', '2009-05-10 01:21:46');
INSERT INTO `runs_history` (`id`, `run_type`, `dictionary_id`, `created_at`, `closed_at`) VALUES (64, '3', '64', '1999-07-06 22:20:47', '2013-04-26 11:50:43');
INSERT INTO `runs_history` (`id`, `run_type`, `dictionary_id`, `created_at`, `closed_at`) VALUES (65, '9', '65', '2011-08-04 01:47:48', '2010-09-20 03:22:28');
INSERT INTO `runs_history` (`id`, `run_type`, `dictionary_id`, `created_at`, `closed_at`) VALUES (66, '8', '66', '1998-07-23 22:43:31', '1980-06-01 10:28:47');
INSERT INTO `runs_history` (`id`, `run_type`, `dictionary_id`, `created_at`, `closed_at`) VALUES (67, '5', '67', '2009-01-19 23:55:10', '2003-11-21 04:22:33');
INSERT INTO `runs_history` (`id`, `run_type`, `dictionary_id`, `created_at`, `closed_at`) VALUES (68, '6', '68', '1982-03-29 07:59:12', '2007-07-21 12:29:56');
INSERT INTO `runs_history` (`id`, `run_type`, `dictionary_id`, `created_at`, `closed_at`) VALUES (69, '4', '69', '1981-10-11 02:18:07', '2012-05-29 02:25:30');
INSERT INTO `runs_history` (`id`, `run_type`, `dictionary_id`, `created_at`, `closed_at`) VALUES (70, '7', '70', '2015-12-22 07:30:52', '1987-01-09 10:54:57');
INSERT INTO `runs_history` (`id`, `run_type`, `dictionary_id`, `created_at`, `closed_at`) VALUES (71, '8', '71', '1985-04-16 18:27:55', '2002-04-09 22:07:58');
INSERT INTO `runs_history` (`id`, `run_type`, `dictionary_id`, `created_at`, `closed_at`) VALUES (72, '4', '72', '1988-07-24 22:40:27', '2017-10-10 22:25:41');
INSERT INTO `runs_history` (`id`, `run_type`, `dictionary_id`, `created_at`, `closed_at`) VALUES (73, '2', '73', '1991-04-13 12:39:29', '1987-10-11 14:23:39');
INSERT INTO `runs_history` (`id`, `run_type`, `dictionary_id`, `created_at`, `closed_at`) VALUES (74, '7', '74', '2014-02-14 23:28:21', '2010-06-24 17:02:29');
INSERT INTO `runs_history` (`id`, `run_type`, `dictionary_id`, `created_at`, `closed_at`) VALUES (75, '9', '75', '2014-07-09 09:58:07', '1991-12-14 09:06:34');
INSERT INTO `runs_history` (`id`, `run_type`, `dictionary_id`, `created_at`, `closed_at`) VALUES (76, '3', '76', '1974-07-10 14:36:37', '1990-09-14 12:26:39');
INSERT INTO `runs_history` (`id`, `run_type`, `dictionary_id`, `created_at`, `closed_at`) VALUES (77, '8', '77', '2001-11-11 14:34:10', '1971-01-25 08:22:32');
INSERT INTO `runs_history` (`id`, `run_type`, `dictionary_id`, `created_at`, `closed_at`) VALUES (78, '', '78', '1999-01-09 15:31:58', '2000-06-22 23:56:16');
INSERT INTO `runs_history` (`id`, `run_type`, `dictionary_id`, `created_at`, `closed_at`) VALUES (79, '9', '79', '1992-10-30 04:44:44', '1975-09-26 02:35:35');
INSERT INTO `runs_history` (`id`, `run_type`, `dictionary_id`, `created_at`, `closed_at`) VALUES (80, '1', '80', '1974-08-08 07:12:11', '2011-08-18 02:38:08');
INSERT INTO `runs_history` (`id`, `run_type`, `dictionary_id`, `created_at`, `closed_at`) VALUES (81, '8', '81', '2002-03-29 08:53:31', '1974-09-04 23:13:59');
INSERT INTO `runs_history` (`id`, `run_type`, `dictionary_id`, `created_at`, `closed_at`) VALUES (82, '', '82', '2019-06-04 02:06:47', '1979-09-12 09:57:35');
INSERT INTO `runs_history` (`id`, `run_type`, `dictionary_id`, `created_at`, `closed_at`) VALUES (83, '2', '83', '1981-07-03 04:40:51', '2001-11-14 23:52:27');
INSERT INTO `runs_history` (`id`, `run_type`, `dictionary_id`, `created_at`, `closed_at`) VALUES (84, '4', '84', '1976-06-20 17:41:49', '2002-11-01 10:37:10');
INSERT INTO `runs_history` (`id`, `run_type`, `dictionary_id`, `created_at`, `closed_at`) VALUES (85, '5', '85', '2003-02-01 02:41:38', '2017-11-07 12:09:16');
INSERT INTO `runs_history` (`id`, `run_type`, `dictionary_id`, `created_at`, `closed_at`) VALUES (86, '3', '86', '1982-03-15 16:35:14', '1986-05-13 12:22:16');
INSERT INTO `runs_history` (`id`, `run_type`, `dictionary_id`, `created_at`, `closed_at`) VALUES (87, '8', '87', '2009-07-21 16:28:10', '1996-07-16 11:19:16');
INSERT INTO `runs_history` (`id`, `run_type`, `dictionary_id`, `created_at`, `closed_at`) VALUES (88, '', '88', '1981-10-18 19:54:20', '1993-08-12 18:40:35');
INSERT INTO `runs_history` (`id`, `run_type`, `dictionary_id`, `created_at`, `closed_at`) VALUES (89, '1', '89', '1991-01-19 09:22:20', '1992-11-20 03:33:15');
INSERT INTO `runs_history` (`id`, `run_type`, `dictionary_id`, `created_at`, `closed_at`) VALUES (90, '9', '90', '2002-08-20 03:12:06', '1980-09-04 15:15:44');
INSERT INTO `runs_history` (`id`, `run_type`, `dictionary_id`, `created_at`, `closed_at`) VALUES (91, '6', '91', '1977-09-02 21:45:27', '1977-08-19 11:28:59');
INSERT INTO `runs_history` (`id`, `run_type`, `dictionary_id`, `created_at`, `closed_at`) VALUES (92, '6', '92', '2008-01-06 09:02:27', '1981-07-30 17:13:41');
INSERT INTO `runs_history` (`id`, `run_type`, `dictionary_id`, `created_at`, `closed_at`) VALUES (93, '1', '93', '1970-09-30 12:07:35', '2015-09-02 00:09:24');
INSERT INTO `runs_history` (`id`, `run_type`, `dictionary_id`, `created_at`, `closed_at`) VALUES (94, '1', '94', '2012-09-11 06:49:22', '1982-05-30 09:24:42');
INSERT INTO `runs_history` (`id`, `run_type`, `dictionary_id`, `created_at`, `closed_at`) VALUES (95, '3', '95', '1987-10-10 15:43:21', '2000-11-29 22:16:22');
INSERT INTO `runs_history` (`id`, `run_type`, `dictionary_id`, `created_at`, `closed_at`) VALUES (96, '9', '96', '1989-06-12 17:14:32', '1975-03-22 10:38:45');
INSERT INTO `runs_history` (`id`, `run_type`, `dictionary_id`, `created_at`, `closed_at`) VALUES (97, '6', '97', '2009-10-09 05:04:26', '2008-03-31 02:51:16');
INSERT INTO `runs_history` (`id`, `run_type`, `dictionary_id`, `created_at`, `closed_at`) VALUES (98, '3', '98', '1993-05-06 07:29:00', '1977-01-26 12:46:40');
INSERT INTO `runs_history` (`id`, `run_type`, `dictionary_id`, `created_at`, `closed_at`) VALUES (99, '8', '99', '2019-05-27 05:37:49', '2012-04-10 21:59:46');
INSERT INTO `runs_history` (`id`, `run_type`, `dictionary_id`, `created_at`, `closed_at`) VALUES (100, '', '100', '1988-02-01 02:11:58', '2001-06-16 08:59:53');



